,cnpj,faturamento,funcionarios,total_protesto,valor_protesto
0,83.538.215/0001-98,de 10.000.000 até 30.000.000,de 100 até 500,173,"17.439.911,20"
1,95.801.692/0001-83,de 1.500.000 até 4.800.000,de 10 até 50,216,"511.052,68"
2,04.069.595/0001-92,de 4.800.000 até 10.000.000,de 50 até 100,230,"9.008.691,63"
3,02.544.522/0001-80,de 4.800.000 até 10.000.000,de 50 até 100,0,-
4,04.385.881/0001-67,de 10.000.000 até 30.000.000,de 50 até 100,0,-
5,03.041.024/0001-87,de 10.000.000 até 30.000.000,de 100 até 500,66,"380.945,27"
6,01.533.865/0001-86,de 30.000.000 até 100.000.000,de 100 até 500,0,-
7,77.753.804/0001-96,de 4.800.000 até 10.000.000,de 100 até 500,0,-
8,07.118.669/0001-21,de 1.500.000 até 4.800.000,de 10 até 50,0,-
9,21.581.339/0001-07,de 81.000 até 360.000,de 10 até 50,16,"363.476,09"
10,84.583.616/0001-22,de 1.500.000 até 4.800.000,de 50 até 100,19,"4.469.465,80"
11,85.128.981/0001-00,de 0 até 81.000,de 5 até 10,5,"2.157,02"
12,05.735.263/0001-62,de 1.500.000 até 4.800.000,de 10 até 50,163,"252.640,73"
13,08.157.644/0001-08,de 10.000.000 até 30.000.000,de 50 até 100,52,"1.180.825,98"
14,83.201.111/0001-93,de 100.000.000 até 300.000.000,de 100 até 500,0,-
15,08.650.630/0001-13,de 1.500.000 até 4.800.000,de 10 até 50,14,"54.978,21"
16,80.481.146/0001-35,de 10.000.000 até 30.000.000,de 100 até 500,0,-
17,22.226.515/0001-47,de 4.800.000 até 10.000.000,de 50 até 100,0,-
18,05.409.888/0002-15,de 10.000.000 até 30.000.000,de 50 até 100,0,-
19,02.209.188/0001-08,de 360.000 até 1.500.000,de 10 até 50,0,-
20,17.797.304/0001-24,de 30.000.000 até 100.000.000,de 50 até 100,0,-
21,21.189.130/0001-94,de 1.500.000 até 4.800.000,de 10 até 50,0,-
22,23.635.798/0001-43,de 10.000.000 até 30.000.000,de 100 até 500,0,-
23,09.009.247/0001-43,de 4.800.000 até 10.000.000,de 100 até 500,0,-
24,79.416.459/0001-20,de 100.000.000 até 300.000.000,de 100 até 500,0,-
25,05.488.486/0001-72,de 100.000.000 até 300.000.000,de 100 até 500,13,"1.119.692,05"
26,00.087.731/0001-16,de 30.000.000 até 100.000.000,de 100 até 500,0,-
27,02.708.859/0001-85,de 360.000 até 1.500.000,de 5 até 10,0,-
28,02.809.886/0001-44,de 1.500.000 até 4.800.000,de 10 até 50,0,-
29,04.475.667/0001-00,de 10.000.000 até 30.000.000,de 100 até 500,0,-
30,02.385.570/0001-72,de 30.000.000 até 100.000.000,de 100 até 500,0,-
31,81.365.223/0001-54,de 30.000.000 até 100.000.000,de 100 até 500,0,-
32,14.028.218/0001-69,de 81.000 até 360.000,de 10 até 50,0,-
33,13.549.636/0001-39,de 1.500.000 até 4.800.000,de 10 até 50,0,-
34,05.097.311/0001-34,de 100.000.000 até 300.000.000,de 50 até 100,0,-
35,78.839.776/0001-97,de 360.000 até 1.500.000,de 10 até 50,0,-
36,04.954.155/0001-18,de 30.000.000 até 100.000.000,de 100 até 500,0,-
37,09.364.298/0001-93,de 10.000.000 até 30.000.000,de 100 até 500,1,"127.470,42"
38,58.783.333/0001-14,de 1.500.000 até 4.800.000,de 10 até 50,0,-
39,10.624.194/0001-50,de 360.000 até 1.500.000,de 10 até 50,25,"125.692,90"
40,95.858.452/0001-15,de 1.500.000 até 4.800.000,de 10 até 50,11,"1.410.053,30"
41,04.196.193/0001-59,de 1.500.000 até 4.800.000,de 10 até 50,39,"528.466,37"
42,12.959.355/0001-91,de 10.000.000 até 30.000.000,acima de 500,0,-
43,01.209.557/0001-08,de 81.000 até 360.000,de 10 até 50,48,"108.074,99"
44,12.181.973/0001-53,de 10.000.000 até 30.000.000,de 50 até 100,0,-
45,80.218.514/0001-57,de 10.000.000 até 30.000.000,de 50 até 100,0,-
46,10.939.960/0001-75,de 0 até 81.000,de 10 até 50,0,-
47,76.573.427/0001-40,de 360.000 até 1.500.000,de 5 até 10,0,-
48,10.778.133/0001-47,de 81.000 até 360.000,de 10 até 50,0,-
49,11.165.831/0001-30,de 81.000 até 360.000,de 10 até 50,94,"1.252.045,85"
50,74.170.812/0001-11,de 30.000.000 até 100.000.000,de 100 até 500,45,"557.518,05"
51,79.922.639/0001-84,de 100.000.000 até 300.000.000,de 100 até 500,0,-
52,10.766.788/0001-03,de 360.000 até 1.500.000,de 5 até 10,0,-
53,10.423.004/0001-36,de 1.500.000 até 4.800.000,de 10 até 50,41,"249.877,03"
54,03.509.540/0001-93,de 10.000.000 até 30.000.000,de 50 até 100,0,-
55,09.531.491/0001-71,de 81.000 até 360.000,de 10 até 50,0,-
56,04.108.375/0001-20,de 10.000.000 até 30.000.000,de 50 até 100,0,-
57,95.806.675/0001-39,de 1.500.000 até 4.800.000,de 50 até 100,0,-
58,82.637.422/0001-37,de 1.500.000 até 4.800.000,de 10 até 50,7,"526.046,00"
59,10.882.878/0001-51,de 1.500.000 até 4.800.000,de 10 até 50,0,-
60,83.030.817/0001-30,de 4.800.000 até 10.000.000,acima de 500,0,-
61,01.152.664/0001-39,de 1.500.000 até 4.800.000,de 100 até 500,104,"1.580.608,38"
62,08.766.561/0001-08,de 10.000.000 até 30.000.000,de 50 até 100,35,"5.042.765,77"
63,09.533.927/0001-61,de 1.500.000 até 4.800.000,de 10 até 50,0,-
64,02.166.703/0001-10,de 1.500.000 até 4.800.000,de 10 até 50,10,"18.815,48"
65,01.833.002/0001-24,de 1.500.000 até 4.800.000,de 10 até 50,0,-
66,84.292.259/0001-43,de 1.500.000 até 4.800.000,de 10 até 50,0,-
67,16.803.266/0001-02,de 4.800.000 até 10.000.000,de 10 até 50,0,-
68,11.110.960/0001-20,de 1.500.000 até 4.800.000,de 10 até 50,0,-
69,94.576.196/0001-00,de 360.000 até 1.500.000,de 10 até 50,106,"749.828,85"
70,02.448.442/0001-20,de 1.500.000 até 4.800.000,de 10 até 50,0,-
71,12.012.667/0001-93,de 360.000 até 1.500.000,de 10 até 50,49,"116.797,53"
72,05.319.720/0001-38,de 1.500.000 até 4.800.000,de 10 até 50,0,-
73,22.029.488/0001-12,de 4.800.000 até 10.000.000,de 100 até 500,548,"650.364,64"
74,08.795.206/0001-67,de 1.500.000 até 4.800.000,de 50 até 100,4,"254.739,53"
75,17.047.353/0001-40,de 10.000.000 até 30.000.000,de 100 até 500,24,"1.273.508,71"
76,83.892.182/0001-80,de 30.000.000 até 100.000.000,de 100 até 500,1,"1.257,92"
77,03.046.744/0001-35,de 1.500.000 até 4.800.000,de 10 até 50,0,-
78,06.143.681/0001-23,de 360.000 até 1.500.000,de 10 até 50,79,"1.027.454,40"
79,82.662.263/0001-20,de 30.000.000 até 100.000.000,de 50 até 100,0,-
80,10.428.174/0001-03,de 360.000 até 1.500.000,de 10 até 50,0,-
81,13.601.614/0001-70,de 81.000 até 360.000,de 10 até 50,217,"920.604,70"
82,82.103.631/0001-09,de 360.000 até 1.500.000,de 10 até 50,0,-
83,12.788.472/0001-30,de 4.800.000 até 10.000.000,de 50 até 100,38,"2.495.191,34"
84,09.010.211/0001-80,de 1.500.000 até 4.800.000,de 10 até 50,0,-
85,18.475.469/0001-42,de 4.800.000 até 10.000.000,de 50 até 100,0,-
86,01.693.525/0001-12,de 4.800.000 até 10.000.000,de 50 até 100,0,-
87,00.849.791/0001-29,de 360.000 até 1.500.000,de 10 até 50,0,-
88,09.232.271/0001-47,de 1.500.000 até 4.800.000,de 50 até 100,0,-
89,07.805.011/0001-98,de 1.500.000 até 4.800.000,de 10 até 50,0,-
90,04.330.681/0001-07,de 360.000 até 1.500.000,de 10 até 50,0,-
91,85.370.559/0001-66,de 360.000 até 1.500.000,de 10 até 50,0,-
92,09.545.429/0001-39,de 4.800.000 até 10.000.000,de 50 até 100,0,-
93,15.057.926/0001-90,de 81.000 até 360.000,de 0 até 5,0,-
94,05.376.311/0001-73,de 360.000 até 1.500.000,de 10 até 50,0,-
95,08.953.166/0001-34,de 1.500.000 até 4.800.000,de 10 até 50,0,-
96,05.703.627/0001-22,de 10.000.000 até 30.000.000,de 100 até 500,0,-
97,03.485.692/0001-01,de 10.000.000 até 30.000.000,de 50 até 100,0,-
98,09.649.019/0001-38,de 81.000 até 360.000,de 10 até 50,65,"1.001.458,69"
99,04.444.171/0001-60,de 10.000.000 até 30.000.000,de 100 até 500,0,-
100,02.791.452/0001-64,de 1.500.000 até 4.800.000,de 10 até 50,0,-
101,01.419.915/0001-07,de 360.000 até 1.500.000,de 5 até 10,0,-
102,75.048.611/0001-09,de 4.800.000 até 10.000.000,de 100 até 500,23,"592.357,32"
103,10.979.752/0001-08,de 1.500.000 até 4.800.000,de 10 até 50,0,-
104,08.278.672/0001-75,de 30.000.000 até 100.000.000,de 10 até 50,229,"1.896.772,11"
105,16.437.064/0001-94,de 1.500.000 até 4.800.000,de 50 até 100,582,"4.602.115,30"
106,16.433.946/0001-81,de 81.000 até 360.000,de 0 até 5,16,"106.281,34"
107,02.888.241/0001-44,de 360.000 até 1.500.000,de 10 até 50,0,-
108,07.083.668/0001-99,de 1.500.000 até 4.800.000,de 10 até 50,0,-
109,07.622.613/0001-00,de 1.500.000 até 4.800.000,de 10 até 50,1,"80,00"
110,79.024.501/0001-68,de 1.500.000 até 4.800.000,de 10 até 50,98,"568.734,45"
111,10.374.537/0001-75,de 10.000.000 até 30.000.000,de 50 até 100,3,"22.185,88"
112,06.938.426/0001-77,de 0 até 81.000,de 100 até 500,45,"91.524,54"
113,04.861.226/0001-38,de 1.500.000 até 4.800.000,de 100 até 500,73,"1.815.406,94"
114,01.956.679/0001-50,de 4.800.000 até 10.000.000,de 50 até 100,0,-
115,17.713.089/0001-36,de 4.800.000 até 10.000.000,de 50 até 100,32,"1.207.290,80"
116,83.284.158/0001-68,de 360.000 até 1.500.000,de 10 até 50,33,"81.596,47"
117,01.322.816/0001-02,de 30.000.000 até 100.000.000,de 50 até 100,0,-
118,79.022.877/0001-33,de 30.000.000 até 100.000.000,de 50 até 100,1,"448,00"
119,00.478.490/0001-36,de 1.500.000 até 4.800.000,de 10 até 50,0,-
120,09.465.904/0001-67,de 4.800.000 até 10.000.000,de 50 até 100,0,-
121,80.391.956/0001-09,de 10.000.000 até 30.000.000,de 100 até 500,18,"4.149.908,71"
122,76.096.155/0001-35,de 1.500.000 até 4.800.000,de 10 até 50,18,"28.753,40"
123,02.147.467/0001-94,acima de 1.000.000.000,de 100 até 500,22,"104.828,44"
124,85.053.296/0001-61,de 10.000.000 até 30.000.000,de 50 até 100,85,"6.678.936,30"
125,79.691.556/0001-21,de 1.500.000 até 4.800.000,de 10 até 50,29,"1.192.302,98"
126,04.340.373/0001-62,de 1.500.000 até 4.800.000,de 10 até 50,0,-
127,03.409.347/0001-80,de 1.500.000 até 4.800.000,de 10 até 50,0,-
128,00.126.674/0001-37,de 10.000.000 até 30.000.000,de 50 até 100,0,-
129,82.700.808/0001-46,de 10.000.000 até 30.000.000,de 50 até 100,0,-
130,03.314.111/0001-60,de 1.500.000 até 4.800.000,de 10 até 50,0,-
131,07.162.964/0001-85,de 4.800.000 até 10.000.000,de 50 até 100,0,-
132,15.585.840/0001-30,de 0 até 81.000,de 10 até 50,227,"1.393.990,85"
133,03.554.317/0001-68,de 1.500.000 até 4.800.000,de 10 até 50,0,-
134,11.405.383/0001-02,de 360.000 até 1.500.000,de 10 até 50,?,"14.396,00"
135,85.324.846/0001-30,de 360.000 até 1.500.000,de 10 até 50,0,-
136,22.251.725/0001-95,de 10.000.000 até 30.000.000,de 50 até 100,0,-
137,10.334.206/0001-01,de 360.000 até 1.500.000,de 10 até 50,59,"1.046.918,32"
138,16.937.668/0001-08,de 10.000.000 até 30.000.000,de 100 até 500,137,"2.164.092,17"
139,10.781.498/0001-20,de 0 até 81.000,de 50 até 100,188,"1.324.194,17"
140,09.676.038/0001-53,de 360.000 até 1.500.000,de 10 até 50,72,"450.511,23"
141,06.947.872/0001-48,de 360.000 até 1.500.000,de 10 até 50,0,-
142,00.680.853/0001-11,de 1.500.000 até 4.800.000,de 10 até 50,0,-
143,17.794.841/0001-10,de 360.000 até 1.500.000,de 10 até 50,0,-
144,15.588.112/0001-82,de 81.000 até 360.000,de 10 até 50,61,"562.914,64"
145,81.026.890/0001-02,de 1.500.000 até 4.800.000,de 10 até 50,0,-
146,13.861.424/0001-92,de 0 até 81.000,de 10 até 50,8,"5.307,08"
147,76.492.131/0001-03,de 1.500.000 até 4.800.000,de 10 até 50,98,"455.796,69"
148,27.854.414/0001-34,de 81.000 até 360.000,de 5 até 10,46,"54.858,41"
149,07.110.898/0001-08,de 360.000 até 1.500.000,de 10 até 50,31,"929.502,49"
150,79.902.185/0001-80,de 10.000.000 até 30.000.000,de 100 até 500,0,-
151,05.012.368/0001-93,de 30.000.000 até 100.000.000,de 50 até 100,0,-
152,06.341.728/0001-63,de 360.000 até 1.500.000,de 0 até 5,0,-
153,07.067.469/0001-97,de 360.000 até 1.500.000,de 10 até 50,4,"292.287,71"
154,07.300.335/0001-74,de 360.000 até 1.500.000,de 10 até 50,23,"27.211,57"
155,11.651.057/0001-77,de 1.500.000 até 4.800.000,de 10 até 50,0,-
156,10.556.940/0001-15,de 0 até 81.000,de 5 até 10,0,-
157,04.657.129/0001-28,de 10.000.000 até 30.000.000,acima de 500,0,-
158,04.908.757/0001-39,de 100.000.000 até 300.000.000,de 100 até 500,0,-
159,12.130.463/0001-57,de 4.800.000 até 10.000.000,de 50 até 100,0,-
160,06.235.483/0001-90,de 4.800.000 até 10.000.000,de 100 até 500,27,"660.420,25"
161,14.304.911/0001-17,de 81.000 até 360.000,de 10 até 50,0,-
162,03.346.298/0001-84,de 30.000.000 até 100.000.000,de 100 até 500,0,-
163,04.344.406/0001-42,de 1.500.000 até 4.800.000,de 10 até 50,174,"512.082,06"
164,00.906.835/0001-05,de 4.800.000 até 10.000.000,acima de 500,10,"33.244,70"
165,07.598.516/0001-29,de 10.000.000 até 30.000.000,de 50 até 100,0,-
166,27.445.313/0001-00,de 360.000 até 1.500.000,de 0 até 5,0,-
167,03.623.427/0001-34,de 360.000 até 1.500.000,de 0 até 5,0,-
168,78.262.169/0001-07,de 30.000.000 até 100.000.000,de 50 até 100,0,-
169,06.698.707/0001-08,de 10.000.000 até 30.000.000,de 50 até 100,0,-
170,05.002.177/0001-40,de 4.800.000 até 10.000.000,de 100 até 500,0,-
171,02.039.051/0001-52,de 1.500.000 até 4.800.000,de 10 até 50,0,-
172,01.855.065/0001-81,de 30.000.000 até 100.000.000,de 50 até 100,0,-
173,02.674.286/0001-16,de 0 até 81.000,de 0 até 5,0,-
174,14.492.491/0001-40,de 30.000.000 até 100.000.000,de 100 até 500,0,-
175,04.531.552/0001-87,de 360.000 até 1.500.000,de 10 até 50,0,-
176,83.200.105/0001-11,de 1.500.000 até 4.800.000,de 10 até 50,0,-
177,00.213.945/0001-91,de 360.000 até 1.500.000,de 10 até 50,0,-
178,83.846.600/0001-00,de 360.000 até 1.500.000,de 10 até 50,0,-
179,09.434.352/0001-20,de 1.500.000 até 4.800.000,de 10 até 50,0,-
180,24.447.368/0001-60,de 81.000 até 360.000,de 5 até 10,0,-
181,06.036.316/0001-10,de 360.000 até 1.500.000,de 10 até 50,82,"844.367,65"
182,73.307.944/0001-80,de 81.000 até 360.000,de 10 até 50,0,-
183,21.118.268/0001-00,de 1.500.000 até 4.800.000,de 10 até 50,0,-
184,07.306.957/0001-00,de 10.000.000 até 30.000.000,de 50 até 100,0,-
185,04.203.927/0001-80,de 1.500.000 até 4.800.000,de 10 até 50,0,-
186,32.267.504/0001-69,de 1.500.000 até 4.800.000,de 10 até 50,0,-
187,01.201.578/0001-79,de 300.000.000 até 500.000.000,de 100 até 500,0,-
188,79.286.480/0001-59,de 1.500.000 até 4.800.000,de 10 até 50,14,"848.872,93"
189,85.147.627/0001-22,de 1.500.000 até 4.800.000,de 50 até 100,0,-
190,78.855.830/0001-98,de 300.000.000 até 500.000.000,de 100 até 500,0,-
191,01.586.212/0001-65,de 30.000.000 até 100.000.000,de 100 até 500,0,-
192,82.056.185/0001-10,de 10.000.000 até 30.000.000,de 100 até 500,376,"19.794.417,33"
193,75.552.133/0001-70,de 10.000.000 até 30.000.000,de 100 até 500,0,-
194,17.317.880/0001-27,de 1.500.000 até 4.800.000,de 10 até 50,343,"855.554,70"
195,06.317.181/0001-60,de 1.500.000 até 4.800.000,de 10 até 50,0,-
196,84.432.434/0001-50,de 100.000.000 até 300.000.000,de 100 até 500,0,-
197,87.102.810/0001-37,de 300.000.000 até 500.000.000,de 100 até 500,0,-
198,04.313.814/0001-37,de 1.500.000 até 4.800.000,de 10 até 50,270,"2.855.462,80"
199,07.218.968/0001-38,de 10.000.000 até 30.000.000,de 50 até 100,0,-
200,88.610.191/0001-54,de 100.000.000 até 300.000.000,acima de 500,19,"53.966.179,22"
201,61.105.060/0001-63,de 30.000.000 até 100.000.000,acima de 500,29,"4.893.644,10"
202,09.035.359/0001-79,de 1.500.000 até 4.800.000,de 10 até 50,13,"66.733,82"
203,01.674.524/0001-20,de 10.000.000 até 30.000.000,de 50 até 100,14,"3.772.233,19"
204,76.524.370/0001-90,de 1.500.000 até 4.800.000,de 100 até 500,32,"432.576,90"
205,02.375.902/0001-38,de 100.000.000 até 300.000.000,de 100 até 500,155,"10.948.409,06"
206,03.135.187/0001-29,de 0 até 81.000,de 10 até 50,17,"350.745,05"
207,80.416.225/0001-62,de 4.800.000 até 10.000.000,de 100 até 500,0,-
208,05.745.387/0001-29,de 10.000.000 até 30.000.000,de 100 até 500,0,-
209,06.293.564/0001-46,de 30.000.000 até 100.000.000,de 100 até 500,1,"21.490,57"
210,03.279.946/0001-27,de 100.000.000 até 300.000.000,de 100 até 500,0,-
211,04.016.420/0001-17,de 10.000.000 até 30.000.000,de 100 até 500,1,"2.188,33"
212,03.384.912/0001-00,de 1.500.000 até 4.800.000,de 10 até 50,0,-
213,06.337.585/0001-16,de 1.500.000 até 4.800.000,de 10 até 50,9,"10.170,50"
214,83.032.359/0001-78,de 360.000 até 1.500.000,de 10 até 50,14,"5.266.661,21"
215,82.663.337/0001-43,de 30.000.000 até 100.000.000,de 100 até 500,0,-
216,10.314.860/0001-53,de 10.000.000 até 30.000.000,de 100 até 500,5,"61.976,53"
217,76.488.469/0001-83,de 30.000.000 até 100.000.000,acima de 500,16,"126.990,53"
218,04.576.327/0001-67,de 30.000.000 até 100.000.000,de 0 até 5,14,"1.002.118,40"
219,94.750.981/0001-38,de 0 até 81.000,de 0 até 5,3,"28.200,00"
220,83.684.670/0001-00,de 10.000.000 até 30.000.000,de 100 até 500,0,-
221,76.812.379/0001-04,de 100.000.000 até 300.000.000,de 100 até 500,0,-
222,79.502.563/0001-38,de 4.800.000 até 10.000.000,de 50 até 100,0,-
223,02.278.437/0001-17,de 10.000.000 até 30.000.000,de 100 até 500,2,"9.601,03"
224,18.218.110/0001-90,de 81.000 até 360.000,de 10 até 50,39,"44.510,39"
225,08.313.402/0001-58,de 100.000.000 até 300.000.000,de 100 até 500,0,-
226,81.343.907/0001-55,de 360.000 até 1.500.000,de 10 até 50,0,-
227,04.626.152/0001-55,de 100.000.000 até 300.000.000,de 100 até 500,0,-
228,06.985.471/0001-82,de 30.000.000 até 100.000.000,de 100 até 500,0,-
229,83.092.502/0001-17,de 4.800.000 até 10.000.000,de 100 até 500,0,-
230,80.096.050/0001-53,de 10.000.000 até 30.000.000,de 50 até 100,0,-
231,00.675.356/0001-25,de 30.000.000 até 100.000.000,de 50 até 100,0,-
232,04.908.287/0001-03,de 1.500.000 até 4.800.000,de 100 até 500,9,"3.204.405,82"
233,08.149.256/0001-77,de 360.000 até 1.500.000,de 10 até 50,0,-
234,04.310.364/0001-29,de 100.000.000 até 300.000.000,de 100 até 500,1,"625,79"
235,88.268.545/0001-24,de 1.500.000 até 4.800.000,de 100 até 500,111,"1.452.530,69"
236,00.056.633/0001-11,de 30.000.000 até 100.000.000,acima de 500,0,-
237,94.495.637/0001-40,de 30.000.000 até 100.000.000,de 100 até 500,0,-
238,07.985.980/0001-78,de 81.000 até 360.000,de 10 até 50,0,-
239,82.640.558/0001-04,de 300.000.000 até 500.000.000,de 100 até 500,2,"16.652,00"
240,85.778.074/0001-06,de 100.000.000 até 300.000.000,de 100 até 500,0,-
241,00.164.925/0001-78,de 30.000.000 até 100.000.000,de 100 até 500,0,-
242,11.532.304/0001-16,de 10.000.000 até 30.000.000,de 50 até 100,818,"3.033.873,83"
243,02.232.872/0001-00,de 10.000.000 até 30.000.000,de 100 até 500,115,"4.892.483,39"
244,79.386.132/0001-53,de 10.000.000 até 30.000.000,de 50 até 100,83,"2.512.002,19"
245,82.901.000/0001-27,acima de 1.000.000.000,de 100 até 500,0,-
246,06.101.244/0001-47,de 30.000.000 até 100.000.000,de 100 até 500,0,-
247,05.783.903/0001-00,de 30.000.000 até 100.000.000,acima de 500,32,"179.406,70"
248,07.756.543/0001-82,de 30.000.000 até 100.000.000,de 50 até 100,7,"259.392,90"
249,84.432.111/0001-67,acima de 1.000.000.000,de 100 até 500,0,-
250,02.006.655/0001-00,de 1.500.000 até 4.800.000,de 10 até 50,0,-
251,02.202.565/0001-87,de 4.800.000 até 10.000.000,de 50 até 100,0,-
252,00.713.282/0001-74,de 10.000.000 até 30.000.000,de 100 até 500,0,-
253,00.374.121/0001-01,de 100.000.000 até 300.000.000,de 100 até 500,0,-
254,17.778.031/0001-70,de 1.500.000 até 4.800.000,de 10 até 50,0,-
255,06.078.921/0001-53,de 10.000.000 até 30.000.000,de 50 até 100,36,"510.512,14"
256,79.674.297/0001-20,de 30.000.000 até 100.000.000,de 100 até 500,0,-
257,08.483.483/0001-34,de 1.500.000 até 4.800.000,de 10 até 50,0,-
258,03.858.100/0001-41,de 30.000.000 até 100.000.000,de 100 até 500,0,-
259,85.356.574/0001-50,de 30.000.000 até 100.000.000,de 100 até 500,0,-
260,05.908.583/0001-77,de 10.000.000 até 30.000.000,de 50 até 100,167,"731.993,43"
261,84.228.261/0001-53,de 10.000.000 até 30.000.000,de 100 até 500,18,"5.318.703,60"
262,03.675.453/0001-06,de 10.000.000 até 30.000.000,de 100 até 500,0,-
263,04.470.242/0001-08,de 10.000.000 até 30.000.000,de 100 até 500,0,-
264,05.082.188/0001-88,de 100.000.000 até 300.000.000,de 100 até 500,0,-
265,73.591.588/0001-79,de 30.000.000 até 100.000.000,de 100 até 500,0,-
266,80.469.166/0001-90,de 30.000.000 até 100.000.000,de 100 até 500,15,"123.410,69"
267,01.066.048/0001-65,de 1.500.000 até 4.800.000,de 10 até 50,0,-
268,83.093.021/0001-26,de 30.000.000 até 100.000.000,de 100 até 500,0,-
269,05.010.190/0001-41,de 100.000.000 até 300.000.000,acima de 500,0,-
270,11.892.859/0001-79,de 10.000.000 até 30.000.000,de 100 até 500,202,"1.345.659,87"
271,81.364.879/0001-52,de 30.000.000 até 100.000.000,de 10 até 50,0,-
272,09.544.299/0001-10,de 4.800.000 até 10.000.000,de 50 até 100,0,-
273,11.991.736/0001-95,de 4.800.000 até 10.000.000,de 50 até 100,0,-
274,04.732.235/0001-29,de 30.000.000 até 100.000.000,de 50 até 100,0,-
275,81.374.332/0001-38,de 10.000.000 até 30.000.000,de 100 até 500,0,-
276,08.934.728/0001-00,de 1.500.000 até 4.800.000,de 100 até 500,56,"7.869.954,60"
277,88.874.011/0001-41,de 10.000.000 até 30.000.000,de 50 até 100,259,"1.799.667,80"
278,89.938.500/0001-82,de 100.000.000 até 300.000.000,acima de 500,172,"1.894.666,03"
279,08.775.142/0001-32,de 100.000.000 até 300.000.000,de 100 até 500,0,-
280,80.976.483/0001-01,de 30.000.000 até 100.000.000,de 100 até 500,0,-
281,79.233.672/0001-05,de 300.000.000 até 500.000.000,de 100 até 500,2,-
282,83.418.434/0001-33,de 30.000.000 até 100.000.000,de 100 até 500,0,-
283,79.658.134/0001-54,de 100.000.000 até 300.000.000,de 100 até 500,0,-
284,02.978.520/0001-07,de 10.000.000 até 30.000.000,de 100 até 500,0,-
285,43.683.069/0001-70,de 100.000.000 até 300.000.000,de 100 até 500,0,-
286,81.019.895/0001-08,de 10.000.000 até 30.000.000,de 100 até 500,0,-
287,82.645.938/0001-23,de 10.000.000 até 30.000.000,de 100 até 500,0,-
288,01.506.081/0001-69,de 10.000.000 até 30.000.000,de 100 até 500,286,"14.732.317,45"
289,83.055.632/0001-80,de 10.000.000 até 30.000.000,de 100 até 500,12,"706.449,24"
290,86.403.128/0001-11,de 100.000.000 até 300.000.000,de 100 até 500,27,"52.396.175,03"
291,82.983.404/0001-07,de 4.800.000 até 10.000.000,de 50 até 100,134,"13.268.001,83"
292,83.057.968/0001-81,de 4.800.000 até 10.000.000,de 100 até 500,0,-
293,06.001.539/0001-41,de 10.000.000 até 30.000.000,de 100 até 500,0,-
294,87.175.824/0001-80,de 10.000.000 até 30.000.000,de 100 até 500,21,"60.065,11"
295,80.646.755/0001-05,de 10.000.000 até 30.000.000,de 100 até 500,0,-
296,79.909.982/0001-99,de 4.800.000 até 10.000.000,de 50 até 100,0,-
297,86.375.789/0001-80,de 10.000.000 até 30.000.000,de 100 até 500,41,"16.730.027,46"
298,79.302.519/0001-84,de 4.800.000 até 10.000.000,de 50 até 100,0,-
299,11.032.345/0001-43,de 4.800.000 até 10.000.000,acima de 500,6,"4.333.433,52"
300,03.768.748/0001-27,de 10.000.000 até 30.000.000,de 50 até 100,151,"7.297.580,56"
301,04.544.783/0001-25,de 10.000.000 até 30.000.000,de 50 até 100,45,"1.670.740,69"
302,87.455.432/0001-75,de 0 até 81.000,acima de 500,1413,"6.975.885,19"
303,03.750.888/0001-78,de 30.000.000 até 100.000.000,de 100 até 500,393,"5.530.221,96"
304,17.903.338/0001-56,de 81.000 até 360.000,de 10 até 50,54,"1.805.503,02"
305,90.726.506/0001-75,de 0 até 81.000,de 100 até 500,1200,"217.850.495,06"
306,77.948.750/0001-14,de 30.000.000 até 100.000.000,de 100 até 500,0,-
307,03.265.874/0001-69,de 10.000.000 até 30.000.000,de 50 até 100,481,"4.609.757,78"
308,79.525.242/0001-59,de 100.000.000 até 300.000.000,de 100 até 500,0,-
309,03.260.359/0001-96,de 4.800.000 até 10.000.000,de 50 até 100,0,-
310,08.889.084/0001-78,de 10.000.000 até 30.000.000,de 50 até 100,0,-
311,81.599.359/0001-29,de 100.000.000 até 300.000.000,de 100 até 500,19,"326.577,45"
312,81.864.563/0001-20,de 10.000.000 até 30.000.000,de 100 até 500,11,"2.958.335,36"
313,12.289.084/0001-04,de 4.800.000 até 10.000.000,acima de 500,670,"1.453.057,83"
314,86.375.425/0001-09,de 100.000.000 até 300.000.000,de 100 até 500,0,-
315,85.244.952/0001-03,de 1.500.000 até 4.800.000,de 10 até 50,5,"1.515.999,55"
316,01.603.183/0001-00,de 1.500.000 até 4.800.000,de 10 até 50,0,-
317,95.313.771/0001-45,de 10.000.000 até 30.000.000,de 100 até 500,0,-
318,05.696.101/0001-62,de 100.000.000 até 300.000.000,de 100 até 500,105,"6.407.048,81"
319,10.779.632/0001-59,de 10.000.000 até 30.000.000,de 100 até 500,0,-
320,81.588.071/0001-59,de 1.500.000 até 4.800.000,de 10 até 50,0,-
321,81.613.358/0001-91,de 4.800.000 até 10.000.000,de 50 até 100,0,-
322,84.429.869/0003-08,de 4.800.000 até 10.000.000,de 100 até 500,33,"29.670.181,78"
323,02.288.420/0001-40,de 10.000.000 até 30.000.000,de 50 até 100,13,"5.813.873,88"
324,79.925.442/0001-07,de 30.000.000 até 100.000.000,de 50 até 100,0,-
325,21.072.618/0001-37,de 1.500.000 até 4.800.000,de 10 até 50,?,
326,07.215.271/0001-03,de 30.000.000 até 100.000.000,de 100 até 500,0,-
327,10.693.693/0001-07,de 100.000.000 até 300.000.000,de 50 até 100,0,-
328,83.938.985/0001-28,de 4.800.000 até 10.000.000,de 50 até 100,0,-
329,80.456.817/0001-08,de 1.500.000 até 4.800.000,de 10 até 50,0,-
330,03.186.880/0001-20,de 30.000.000 até 100.000.000,de 100 até 500,35,"5.320.266,07"
331,79.888.749/0001-77,de 4.800.000 até 10.000.000,de 100 até 500,0,-
332,13.107.569/0001-00,de 10.000.000 até 30.000.000,de 50 até 100,0,-
333,05.404.612/0001-63,de 1.500.000 até 4.800.000,de 10 até 50,0,-
334,16.915.998/0001-94,de 1.500.000 até 4.800.000,de 10 até 50,0,-
335,08.266.046/0001-69,de 10.000.000 até 30.000.000,de 100 até 500,0,-
336,88.887.195/0001-84,de 1.500.000 até 4.800.000,de 10 até 50,4,"4.281,72"
337,11.427.238/0001-14,de 4.800.000 até 10.000.000,de 50 até 100,0,-
338,10.938.117/0001-74,de 81.000 até 360.000,de 10 até 50,47,"2.805.240,25"
339,62.848.577/0001-05,de 30.000.000 até 100.000.000,de 100 até 500,0,-
340,81.589.327/0001-42,de 30.000.000 até 100.000.000,de 100 até 500,0,-
341,00.993.068/0001-19,de 1.500.000 até 4.800.000,de 10 até 50,0,-
342,73.289.050/0001-04,de 1.500.000 até 4.800.000,de 100 até 500,894,"32.675.667,79"
343,19.442.650/0001-15,de 10.000.000 até 30.000.000,de 50 até 100,0,-
344,81.585.671/0001-63,de 10.000.000 até 30.000.000,de 100 até 500,0,-
345,72.195.324/0001-33,de 10.000.000 até 30.000.000,de 100 até 500,0,-
346,76.865.377/0001-75,de 1.500.000 até 4.800.000,de 10 até 50,0,-
347,03.913.786/0001-26,de 30.000.000 até 100.000.000,de 100 até 500,250,"2.132.414,41"
348,74.183.500/0001-42,de 30.000.000 até 100.000.000,de 50 até 100,0,-
349,84.683.671/0001-94,de 100.000.000 até 300.000.000,acima de 500,11,"3.295.408,88"
350,12.546.470/0001-34,de 30.000.000 até 100.000.000,de 100 até 500,0,-
351,00.218.077/0001-32,de 1.500.000 até 4.800.000,de 100 até 500,460,"2.958.121,30"
352,11.090.009/0001-57,de 30.000.000 até 100.000.000,de 50 até 100,0,-
353,05.140.658/0001-12,de 81.000 até 360.000,de 10 até 50,27,"410.433,15"
354,11.283.620/0001-00,de 10.000.000 até 30.000.000,de 50 até 100,10,"38.387,59"
355,04.895.202/0001-08,de 10.000.000 até 30.000.000,de 50 até 100,0,-
356,02.393.313/0001-82,de 10.000.000 até 30.000.000,de 100 até 500,0,-
357,04.168.163/0001-39,de 0 até 81.000,de 100 até 500,1,"2.800,00"
358,00.327.921/0001-63,de 10.000.000 até 30.000.000,de 50 até 100,0,-
359,10.554.919/0001-80,de 10.000.000 até 30.000.000,de 50 até 100,0,-
360,94.132.826/0001-58,de 1.500.000 até 4.800.000,de 100 até 500,3,"1.340.532,25"
361,07.182.774/0001-20,de 1.500.000 até 4.800.000,de 10 até 50,0,-
362,81.872.236/0001-10,de 10.000.000 até 30.000.000,de 50 até 100,0,-
363,83.038.547/0001-03,de 10.000.000 até 30.000.000,de 100 até 500,0,-
364,05.974.479/0001-80,de 4.800.000 até 10.000.000,de 50 até 100,0,-
365,09.056.083/0001-05,de 4.800.000 até 10.000.000,de 100 até 500,215,"6.071.507,50"
366,02.591.957/0001-85,de 10.000.000 até 30.000.000,de 50 até 100,6,"3.359.968,71"
367,85.221.083/0001-00,de 81.000 até 360.000,de 10 até 50,0,-
368,07.292.446/0001-86,de 30.000.000 até 100.000.000,de 100 até 500,0,-
369,10.438.054/0001-97,de 360.000 até 1.500.000,de 0 até 5,0,-
370,07.432.397/0001-30,de 10.000.000 até 30.000.000,de 100 até 500,?,
371,86.046.612/0001-30,de 30.000.000 até 100.000.000,de 100 até 500,32,"84.167,82"
372,72.344.591/0001-25,de 100.000.000 até 300.000.000,de 100 até 500,0,-
373,75.344.937/0001-83,de 10.000.000 até 30.000.000,de 50 até 100,0,-
374,86.713.336/0001-17,de 10.000.000 até 30.000.000,de 50 até 100,0,-
375,79.905.436/0001-80,de 100.000.000 até 300.000.000,de 100 até 500,0,-
376,78.002.037/0001-46,de 30.000.000 até 100.000.000,de 100 até 500,0,-
377,00.202.187/0001-06,de 30.000.000 até 100.000.000,de 100 até 500,0,-
378,05.096.500/0001-92,de 81.000 até 360.000,de 10 até 50,0,-
379,82.698.085/0001-98,de 100.000.000 até 300.000.000,de 100 até 500,0,-
380,84.683.515/0001-23,de 10.000.000 até 30.000.000,de 100 até 500,3,"1.603,56"
381,79.120.739/0001-97,de 30.000.000 até 100.000.000,de 50 até 100,37,"884.079,68"
382,07.973.104/0001-21,de 4.800.000 até 10.000.000,de 50 até 100,0,-
383,79.683.330/0001-89,de 10.000.000 até 30.000.000,de 100 até 500,85,"9.348.348,42"
384,06.134.049/0001-13,de 10.000.000 até 30.000.000,de 100 até 500,?,
385,07.123.659/0001-84,de 360.000 até 1.500.000,de 10 até 50,?,
386,02.237.016/0001-48,de 30.000.000 até 100.000.000,de 100 até 500,0,-
387,04.826.813/0001-96,de 4.800.000 até 10.000.000,de 10 até 50,268,"946.995,33"
388,15.644.488/0001-67,de 10.000.000 até 30.000.000,de 10 até 50,0,-
389,10.590.774/0001-73,de 1.500.000 até 4.800.000,acima de 500,0,-
390,84.692.268/0001-21,de 360.000 até 1.500.000,de 10 até 50,0,-
391,10.619.295/0001-32,de 81.000 até 360.000,de 5 até 10,10,"500.536,51"
392,79.843.264/0001-67,de 4.800.000 até 10.000.000,de 100 até 500,0,-
393,95.813.382/0001-89,de 4.800.000 até 10.000.000,de 50 até 100,?,
394,07.688.318/0001-56,de 10.000.000 até 30.000.000,de 50 até 100,0,-
395,75.304.766/0001-69,de 30.000.000 até 100.000.000,de 100 até 500,0,-
396,11.135.121/0001-67,de 0 até 81.000,de 100 até 500,231,"5.323.449,04"
397,85.907.210/0001-10,de 4.800.000 até 10.000.000,de 100 até 500,71,"26.818.759,25"
398,85.342.780/0001-00,de 30.000.000 até 100.000.000,de 50 até 100,0,-
399,83.193.797/0001-18,de 1.500.000 até 4.800.000,de 10 até 50,?,
400,02.535.948/0001-77,de 360.000 até 1.500.000,de 5 até 10,?,
401,01.167.639/0001-29,de 30.000.000 até 100.000.000,de 100 até 500,0,-
402,81.336.398/0001-33,de 30.000.000 até 100.000.000,de 100 até 500,0,-
403,17.701.407/0001-49,de 10.000.000 até 30.000.000,de 50 até 100,0,-
404,01.423.807/0001-08,de 4.800.000 até 10.000.000,de 50 até 100,0,-
405,04.369.606/0001-50,de 1.500.000 até 4.800.000,de 10 até 50,508,"5.186.303,34"
406,24.418.900/0001-11,de 30.000.000 até 100.000.000,de 50 até 100,0,-
407,08.762.826/0001-08,de 10.000.000 até 30.000.000,de 100 até 500,0,-
408,02.742.731/0001-38,de 10.000.000 até 30.000.000,de 100 até 500,26,"13.528.652,35"
409,19.568.004/0001-07,de 1.500.000 até 4.800.000,de 10 até 50,163,"337.646,36"
410,05.108.435/0001-78,de 30.000.000 até 100.000.000,de 100 até 500,0,-
411,86.376.217/0001-16,de 4.800.000 até 10.000.000,de 100 até 500,31,"4.938.125,81"
412,79.014.809/0001-22,de 10.000.000 até 30.000.000,de 100 até 500,0,-
413,03.033.392/0001-83,de 1.500.000 até 4.800.000,de 10 até 50,0,-
414,85.236.743/0001-18,de 30.000.000 até 100.000.000,de 50 até 100,1,-
415,81.000.580/0001-19,de 30.000.000 até 100.000.000,de 100 até 500,0,-
416,00.637.261/0001-17,de 30.000.000 até 100.000.000,de 100 até 500,1,"1.021,00"
417,75.290.619/0001-87,de 81.000 até 360.000,de 50 até 100,0,-
418,84.298.900/0001-57,de 100.000.000 até 300.000.000,de 100 até 500,0,-
419,79.941.894/0001-74,de 100.000.000 até 300.000.000,de 100 até 500,0,-
420,02.396.670/0001-02,de 1.500.000 até 4.800.000,de 100 até 500,164,"366.093,54"
421,83.162.164/0001-42,de 360.000 até 1.500.000,de 5 até 10,?,
422,80.448.574/0001-66,de 10.000.000 até 30.000.000,de 50 até 100,85,"849.077,83"
423,10.298.238/0001-07,de 1.500.000 até 4.800.000,de 10 até 50,0,-
424,85.099.034/0001-38,de 4.800.000 até 10.000.000,de 100 até 500,0,-
425,02.279.154/0001-90,de 360.000 até 1.500.000,de 10 até 50,0,-
426,81.315.426/0001-36,acima de 1.000.000.000,de 100 até 500,0,-
427,17.179.941/0001-37,de 1.500.000 até 4.800.000,de 10 até 50,81,"3.586.459,14"
428,01.242.532/0001-06,de 4.800.000 até 10.000.000,de 10 até 50,110,"716.843,98"
429,10.556.018/0001-28,de 100.000.000 até 300.000.000,de 100 até 500,0,-
430,02.017.191/0001-20,de 360.000 até 1.500.000,de 100 até 500,8,"28.389,49"
431,04.432.327/0001-93,de 100.000.000 até 300.000.000,de 100 até 500,0,-
432,04.647.957/0001-85,de 10.000.000 até 30.000.000,de 10 até 50,0,-
433,86.375.656/0001-04,de 10.000.000 até 30.000.000,de 100 até 500,0,-
434,04.565.361/0001-36,de 100.000.000 até 300.000.000,de 100 até 500,1,"627,62"
435,83.872.549/0001-01,de 1.500.000 até 4.800.000,de 10 até 50,100,"380.475,82"
436,79.530.408/0001-25,de 360.000 até 1.500.000,de 10 até 50,0,-
437,02.355.505/0001-02,de 30.000.000 até 100.000.000,de 50 até 100,19,"1.535.129,91"
438,20.121.981/0001-32,de 4.800.000 até 10.000.000,de 100 até 500,0,-
439,19.622.616/0001-22,de 10.000.000 até 30.000.000,de 50 até 100,0,-
440,85.129.518/0001-82,de 30.000.000 até 100.000.000,de 100 até 500,0,-
441,83.875.120/0001-60,,,,
442,80.940.745/0001-70,de 1.500.000 até 4.800.000,de 10 até 50,0,-
443,05.314.170/0001-64,de 1.500.000 até 4.800.000,de 10 até 50,0,-
444,93.085.330/0001-08,de 10.000.000 até 30.000.000,de 100 até 500,682,"6.264.405,25"
445,17.891.394/0001-18,de 1.500.000 até 4.800.000,de 10 até 50,0,-
446,14.985.672/0001-08,de 10.000.000 até 30.000.000,de 50 até 100,352,"1.540.543,97"
447,11.635.696/0001-49,de 81.000 até 360.000,de 10 até 50,?,
448,79.941.506/0001-55,de 10.000.000 até 30.000.000,de 100 até 500,0,-
449,05.619.231/0001-00,de 4.800.000 até 10.000.000,de 100 até 500,0,-
450,08.474.768/0001-09,de 30.000.000 até 100.000.000,de 100 até 500,0,-
451,85.203.602/0001-07,de 10.000.000 até 30.000.000,de 100 até 500,369,"2.215.300,47"
452,80.742.109/0001-33,de 1.500.000 até 4.800.000,de 10 até 50,0,-
453,85.150.613/0001-68,de 100.000.000 até 300.000.000,de 100 até 500,1,"163,47"
454,20.316.164/0001-30,de 4.800.000 até 10.000.000,de 50 até 100,?,
455,02.799.943/0001-51,de 81.000 até 360.000,de 0 até 5,?,
456,05.423.994/0001-72,de 10.000.000 até 30.000.000,de 100 até 500,52,"19.701.778,64"
457,83.560.763/0001-14,de 1.500.000 até 4.800.000,de 50 até 100,66,"1.309.502,31"
458,84.430.149/0001-09,de 10.000.000 até 30.000.000,de 100 até 500,0,-
459,72.170.392/0001-48,de 4.800.000 até 10.000.000,de 100 até 500,0,-
460,04.906.823/0001-31,de 1.500.000 até 4.800.000,de 10 até 50,0,-
461,78.855.186/0001-58,de 4.800.000 até 10.000.000,de 50 até 100,0,-
462,84.431.352/0001-91,de 30.000.000 até 100.000.000,de 100 até 500,0,-
463,82.120.460/0001-18,de 30.000.000 até 100.000.000,de 100 até 500,0,-
464,07.045.624/0001-74,de 1.500.000 até 4.800.000,de 10 até 50,0,-
465,00.425.457/0001-48,de 30.000.000 até 100.000.000,de 100 até 500,0,-
466,08.866.500/0001-12,de 1.500.000 até 4.800.000,de 10 até 50,62,"5.268.881,66"
467,79.949.202/0001-34,de 10.000.000 até 30.000.000,de 100 até 500,0,-
468,11.391.271/0001-31,de 1.500.000 até 4.800.000,de 10 até 50,?,
469,02.484.960/0001-08,de 4.800.000 até 10.000.000,de 100 até 500,88,"652.321,06"
470,02.580.492/0001-67,de 1.500.000 até 4.800.000,de 50 até 100,55,"1.231.529,27"
471,08.304.710/0001-17,de 0 até 81.000,de 10 até 50,1,"99,20"
472,80.933.039/0001-09,de 1.500.000 até 4.800.000,de 10 até 50,119,"169.673,28"
473,95.803.375/0001-04,de 10.000.000 até 30.000.000,de 100 até 500,0,-
474,09.042.430/0001-40,de 1.500.000 até 4.800.000,de 10 até 50,22,"349.601,13"
475,09.261.750/0001-91,de 10.000.000 até 30.000.000,de 100 até 500,0,-
476,01.133.434/0001-22,de 81.000 até 360.000,de 10 até 50,6,"489.710,88"
477,06.005.521/0001-18,de 10.000.000 até 30.000.000,acima de 500,56,"1.893.845,37"
478,76.541.317/0001-05,de 30.000.000 até 100.000.000,de 100 até 500,0,-
479,06.079.036/0001-99,de 10.000.000 até 30.000.000,de 100 até 500,0,-
480,00.214.242/0001-88,de 10.000.000 até 30.000.000,de 100 até 500,0,-
481,11.209.849/0001-96,de 360.000 até 1.500.000,de 5 até 10,?,
482,07.097.396/0001-86,de 1.500.000 até 4.800.000,de 10 até 50,0,-
483,00.249.452/0001-01,de 4.800.000 até 10.000.000,de 50 até 100,0,-
484,07.229.006/0001-84,de 10.000.000 até 30.000.000,de 100 até 500,1,"71.355,41"
485,86.046.810/0001-02,de 10.000.000 até 30.000.000,de 100 até 500,98,"1.660.255,83"
486,05.455.435/0001-44,de 10.000.000 até 30.000.000,de 10 até 50,?,
487,17.612.442/0001-91,de 81.000 até 360.000,de 10 até 50,0,-
488,81.834.665/0001-00,de 0 até 81.000,de 10 até 50,325,"1.128.273,90"
489,09.483.391/0001-17,de 81.000 até 360.000,de 10 até 50,170,"853.343,78"
490,08.490.282/0001-64,de 1.500.000 até 4.800.000,de 10 até 50,7,"1.059.130,98"
491,80.438.542/0001-80,de 1.500.000 até 4.800.000,de 10 até 50,?,
492,01.820.799/0001-25,de 1.500.000 até 4.800.000,de 10 até 50,7,"2.057.114,58"
493,82.951.435/0001-86,de 360.000 até 1.500.000,de 10 até 50,?,
494,73.702.771/0001-02,de 30.000.000 até 100.000.000,de 100 até 500,?,-
495,80.705.700/0001-10,de 10.000.000 até 30.000.000,de 100 até 500,17,"99.262,80"
496,84.685.056/0001-17,de 30.000.000 até 100.000.000,de 100 até 500,0,-
497,02.548.987/0001-09,de 10.000.000 até 30.000.000,de 50 até 100,9,"2.881.856,16"
498,07.885.290/0001-47,de 1.500.000 até 4.800.000,de 100 até 500,54,"2.178.766,86"
499,08.643.573/0001-45,de 81.000 até 360.000,de 10 até 50,?,
500,05.013.478/0001-70,de 360.000 até 1.500.000,de 10 até 50,0,-
501,85.720.290/0001-09,de 30.000.000 até 100.000.000,de 100 até 500,0,-
502,91.044.354/0001-93,de 10.000.000 até 30.000.000,de 100 até 500,490,"7.414.074,70"
503,85.210.532/0001-06,de 1.500.000 até 4.800.000,de 10 até 50,?,
504,18.034.057/0001-77,de 10.000.000 até 30.000.000,de 50 até 100,4,"1.944.735,41"
505,04.197.550/0001-01,de 1.500.000 até 4.800.000,de 10 até 50,12,"821.603,02"
506,81.798.548/0001-20,de 1.500.000 até 4.800.000,de 100 até 500,0,-
507,04.586.600/0001-34,de 1.500.000 até 4.800.000,de 10 até 50,0,-
508,02.091.058/0001-13,de 81.000 até 360.000,de 0 até 5,?,
509,09.106.695/0001-65,de 81.000 até 360.000,de 10 até 50,0,-
510,01.214.548/0001-05,de 1.500.000 até 4.800.000,de 10 até 50,0,-
511,15.523.239/0001-13,de 4.800.000 até 10.000.000,de 50 até 100,294,"4.436.107,61"
512,00.263.313/0001-32,de 1.500.000 até 4.800.000,de 50 até 100,0,-
513,94.623.907/0001-50,de 1.500.000 até 4.800.000,de 10 até 50,15,"540.506,68"
514,11.619.817/0001-69,de 0 até 81.000,de 10 até 50,245,"4.648.997,75"
515,04.531.177/0001-75,de 30.000.000 até 100.000.000,de 100 até 500,0,-
516,75.409.201/0001-46,de 4.800.000 até 10.000.000,de 50 até 100,266,"3.274.346,41"
517,83.017.061/0001-99,de 10.000.000 até 30.000.000,de 100 até 500,?,
518,75.843.599/0001-24,de 10.000.000 até 30.000.000,de 50 até 100,0,-
519,15.463.200/0001-58,de 10.000.000 até 30.000.000,de 50 até 100,217,"4.170.702,50"
520,10.193.734/0001-98,acima de 1.000.000.000,de 100 até 500,0,-
521,75.277.525/0001-78,de 4.800.000 até 10.000.000,de 100 até 500,0,-
522,80.228.190/0001-38,de 10.000.000 até 30.000.000,de 100 até 500,75,"148.472,86"
523,00.715.583/0001-37,de 10.000.000 até 30.000.000,de 100 até 500,36,"4.612.366,65"
524,04.580.018/0001-60,de 81.000 até 360.000,de 10 até 50,140,"2.822.155,61"
525,11.495.016/0001-39,de 81.000 até 360.000,de 10 até 50,?,
526,00.716.481/0001-36,de 1.500.000 até 4.800.000,de 10 até 50,0,-
527,01.669.730/0001-42,de 30.000.000 até 100.000.000,de 100 até 500,2,"185.924,28"
528,03.527.217/0001-42,de 1.500.000 até 4.800.000,de 10 até 50,64,-
529,89.085.310/0001-60,de 10.000.000 até 30.000.000,de 100 até 500,5,"722.493,97"
530,00.101.599/0001-50,de 0 até 81.000,de 10 até 50,119,"369.930,85"
531,04.656.940/0001-94,de 1.500.000 até 4.800.000,de 10 até 50,?,
532,09.154.984/0001-30,de 4.800.000 até 10.000.000,de 50 até 100,1,"4.613.907,90"
533,00.277.957/0001-80,de 360.000 até 1.500.000,de 10 até 50,0,-
534,75.394.502/0001-43,de 30.000.000 até 100.000.000,de 100 até 500,0,-
535,00.147.109/0001-56,de 10.000.000 até 30.000.000,de 100 até 500,0,-
536,03.391.986/0001-66,de 30.000.000 até 100.000.000,de 100 até 500,1,"555.639,01"
537,01.867.652/0001-90,de 1.500.000 até 4.800.000,de 10 até 50,?,
538,16.707.463/0001-28,de 4.800.000 até 10.000.000,de 50 até 100,151,"427.058,48"
539,82.753.674/0001-21,de 10.000.000 até 30.000.000,acima de 500,42,"4.427.741,37"
540,10.243.692/0001-52,de 10.000.000 até 30.000.000,de 50 até 100,0,-
541,83.779.942/0001-47,de 10.000.000 até 30.000.000,de 100 até 500,155,"5.658.333,34"
542,04.997.181/0001-23,de 4.800.000 até 10.000.000,de 50 até 100,0,-
543,00.583.345/0001-15,de 10.000.000 até 30.000.000,de 100 até 500,0,-
544,82.643.255/0001-37,de 10.000.000 até 30.000.000,de 100 até 500,0,-
545,06.042.259/0001-81,de 4.800.000 até 10.000.000,de 50 até 100,0,-
546,05.120.289/0001-04,de 30.000.000 até 100.000.000,de 100 até 500,0,-
547,02.554.179/0001-54,de 4.800.000 até 10.000.000,de 100 até 500,377,"2.080.666,82"
548,04.346.278/0001-76,de 30.000.000 até 100.000.000,de 50 até 100,7,"21.939.126,76"
549,02.290.876/0001-45,de 10.000.000 até 30.000.000,de 50 até 100,18,"915.383,36"
550,03.483.185/0001-20,de 10.000.000 até 30.000.000,de 100 até 500,0,-
551,06.251.628/0001-46,de 4.800.000 até 10.000.000,de 50 até 100,5,"7.997,53"
552,04.427.774/0001-54,de 81.000 até 360.000,de 10 até 50,84,"301.622,02"
553,13.987.350/0001-35,de 100.000.000 até 300.000.000,de 100 até 500,0,-
554,85.134.096/0001-33,de 1.500.000 até 4.800.000,de 50 até 100,0,-
555,25.510.746/0001-76,de 81.000 até 360.000,de 10 até 50,?,
556,07.646.232/0001-60,de 4.800.000 até 10.000.000,de 50 até 100,0,-
557,17.322.957/0001-57,de 4.800.000 até 10.000.000,de 50 até 100,0,-
558,85.498.269/0001-00,de 10.000.000 até 30.000.000,de 50 até 100,10,"4.937.619,46"
559,00.282.717/0001-73,de 30.000.000 até 100.000.000,de 50 até 100,0,-
560,13.408.823/0001-00,de 1.500.000 até 4.800.000,de 10 até 50,0,-
561,13.913.242/0001-18,de 4.800.000 até 10.000.000,de 100 até 500,?,
562,09.574.015/0001-38,de 360.000 até 1.500.000,de 10 até 50,0,-
563,00.540.982/0001-04,de 360.000 até 1.500.000,de 10 até 50,?,
564,05.346.462/0001-89,de 30.000.000 até 100.000.000,de 100 até 500,0,-
565,07.365.641/0001-99,de 10.000.000 até 30.000.000,de 100 até 500,0,-
566,00.568.490/0001-27,de 4.800.000 até 10.000.000,de 50 até 100,0,-
567,14.069.148/0001-97,de 81.000 até 360.000,de 10 até 50,2,"41.054,39"
568,02.376.612/0001-09,de 360.000 até 1.500.000,de 10 até 50,1,"590.505,59"
569,07.048.995/0001-00,de 81.000 até 360.000,de 10 até 50,60,"1.671.019,24"
570,14.178.395/0001-21,de 4.800.000 até 10.000.000,de 50 até 100,2,"20.920,90"
571,06.637.075/0001-64,de 4.800.000 até 10.000.000,de 50 até 100,0,-
572,06.935.509/0001-02,de 1.500.000 até 4.800.000,de 10 até 50,0,-
573,04.120.251/0001-60,de 10.000.000 até 30.000.000,de 50 até 100,0,-
574,08.662.965/0001-51,de 1.500.000 até 4.800.000,de 50 até 100,0,-
575,09.652.146/0001-96,de 500.000.000 até 1.000.000.000,de 50 até 100,0,-
576,07.795.539/0001-23,de 0 até 81.000,de 100 até 500,0,-
577,02.576.052/0001-36,,,,
578,12.058.523/0001-78,de 1.500.000 até 4.800.000,de 10 até 50,13,"1.158.597,62"
579,82.645.862/0001-36,de 100.000.000 até 300.000.000,de 100 até 500,0,-
580,75.190.983/0001-75,de 30.000.000 até 100.000.000,de 100 até 500,0,-
581,93.002.913/0001-28,de 1.500.000 até 4.800.000,de 10 até 50,25,"2.682.574,47"
582,80.662.315/0001-33,de 30.000.000 até 100.000.000,de 100 até 500,0,-
583,85.782.878/0001-89,acima de 1.000.000.000,de 100 até 500,3,"48.750,00"
584,89.735.070/0001-00,de 100.000.000 até 300.000.000,de 100 até 500,0,-
585,02.279.324/0001-36,acima de 1.000.000.000,de 100 até 500,0,-
586,75.801.936/0001-10,de 30.000.000 até 100.000.000,de 100 até 500,2,"1.238,00"
587,90.455.866/0001-80,de 500.000.000 até 1.000.000.000,de 100 até 500,135,"18.906.912,75"
588,79.846.465/0001-18,de 100.000.000 até 300.000.000,de 50 até 100,0,-
589,93.731.602/0001-08,de 10.000.000 até 30.000.000,de 100 até 500,0,-
590,00.130.132/0001-38,de 100.000.000 até 300.000.000,de 100 até 500,0,-
591,76.547.397/0001-06,de 0 até 81.000,de 100 até 500,18,"5.537.429,52"
592,89.576.573/0001-71,de 10.000.000 até 30.000.000,de 100 até 500,3,"222.911,86"
593,91.938.712/0001-01,de 100.000.000 até 300.000.000,de 100 até 500,2366,"34.530.132,50"
594,76.329.762/0001-06,de 30.000.000 até 100.000.000,de 100 até 500,67,"520.014,48"
595,00.448.591/0001-64,de 4.800.000 até 10.000.000,de 50 até 100,0,-
596,83.519.272/0001-20,de 1.500.000 até 4.800.000,de 10 até 50,?,
597,03.809.754/0001-85,de 10.000.000 até 30.000.000,de 50 até 100,680,"1.874.115,68"
598,86.046.562/0001-91,de 30.000.000 até 100.000.000,de 100 até 500,0,-
599,01.445.448/0001-81,de 10.000.000 até 30.000.000,de 50 até 100,583,"1.233.609,68"
600,91.675.868/0001-47,de 1.500.000 até 4.800.000,de 100 até 500,134,"4.182.047,96"
601,91.013.698/0001-35,de 100.000.000 até 300.000.000,de 100 até 500,687,"42.937.886,53"
602,92.693.928/0001-17,de 0 até 81.000,de 10 até 50,1220,"5.207.662,80"
603,91.120.907/0001-40,de 1.500.000 até 4.800.000,de 50 até 100,0,-
604,02.538.436/0001-64,de 10.000.000 até 30.000.000,de 100 até 500,4,"7.051,03"
605,78.644.424/0001-86,de 30.000.000 até 100.000.000,acima de 500,2,"231.145,34"
606,88.613.856/0001-83,de 100.000.000 até 300.000.000,de 100 até 500,0,-
607,84.429.737/0001-14,de 10.000.000 até 30.000.000,de 100 até 500,9,"167.818,75"
608,79.142.139/0001-20,de 30.000.000 até 100.000.000,de 100 até 500,91,"314.077,16"
609,91.271.718/0001-78,de 10.000.000 até 30.000.000,acima de 500,132,"3.000.301,22"
610,88.303.375/0001-71,de 100.000.000 até 300.000.000,de 100 até 500,0,-
611,84.431.154/0001-28,de 100.000.000 até 300.000.000,acima de 500,12,"4.384.452,53"
612,05.623.823/0001-97,de 1.500.000 até 4.800.000,de 10 até 50,0,-
613,91.672.105/0001-42,de 1.500.000 até 4.800.000,de 50 até 100,7,"193.463,47"
614,89.790.356/0001-80,de 100.000.000 até 300.000.000,de 100 até 500,1,"87,70"
615,88.665.005/0001-84,de 10.000.000 até 30.000.000,de 50 até 100,21,"8.192.341,04"
616,76.904.192/0001-22,de 10.000.000 até 30.000.000,de 100 até 500,56,"3.669.577,31"
617,83.238.832/0001-78,de 100.000.000 até 300.000.000,de 100 até 500,0,-
618,03.808.491/0001-90,de 10.000.000 até 30.000.000,de 50 até 100,11,"1.897.917,73"
619,01.442.702/0001-98,de 30.000.000 até 100.000.000,de 100 até 500,0,-
620,00.892.462/0001-60,de 30.000.000 até 100.000.000,de 100 até 500,0,-
621,91.192.294/0001-56,de 4.800.000 até 10.000.000,de 50 até 100,35,"1.584.586,01"
622,86.047.362/0001-53,de 10.000.000 até 30.000.000,de 100 até 500,0,-
623,05.926.022/0001-09,de 4.800.000 até 10.000.000,de 50 até 100,768,"1.869.602,26"
624,78.611.928/0001-08,de 4.800.000 até 10.000.000,de 100 até 500,0,-
625,80.976.053/0001-81,de 10.000.000 até 30.000.000,de 50 até 100,0,-
626,01.408.635/0001-95,de 1.500.000 até 4.800.000,de 10 até 50,0,-
627,68.736.073/0001-80,de 1.500.000 até 4.800.000,de 100 até 500,265,"1.799.605,65"
628,88.176.995/0001-97,de 30.000.000 até 100.000.000,de 100 até 500,0,-
629,79.902.888/0001-08,de 30.000.000 até 100.000.000,de 50 até 100,0,-
630,03.032.577/0001-73,de 1.500.000 até 4.800.000,de 10 até 50,0,-
631,79.427.589/0001-69,de 30.000.000 até 100.000.000,de 100 até 500,153,"2.359.438,98"
632,77.965.077/0001-20,de 10.000.000 até 30.000.000,de 100 até 500,0,-
633,03.579.464/0001-92,de 10.000.000 até 30.000.000,de 50 até 100,?,
634,80.550.452/0001-86,de 100.000.000 até 300.000.000,de 100 até 500,0,-
635,01.978.934/0001-65,de 81.000 até 360.000,de 10 até 50,46,"2.243.486,79"
636,85.373.793/0001-47,de 1.500.000 até 4.800.000,de 10 até 50,45,"1.404.514,34"
637,79.906.426/0001-69,de 4.800.000 até 10.000.000,de 50 até 100,0,-
638,90.463.704/0001-93,de 10.000.000 até 30.000.000,de 50 até 100,0,-
639,02.473.096/0001-30,de 30.000.000 até 100.000.000,de 100 até 500,0,-
640,80.382.054/0001-06,de 10.000.000 até 30.000.000,de 100 até 500,70,"891.697,78"
641,91.733.105/0001-05,de 1.500.000 até 4.800.000,de 10 até 50,176,"1.899.111,09"
642,75.853.168/0001-49,de 100.000.000 até 300.000.000,de 100 até 500,0,-
643,02.441.272/0001-52,de 10.000.000 até 30.000.000,de 50 até 100,64,"9.546.576,94"
644,05.036.544/0001-27,de 1.500.000 até 4.800.000,de 10 até 50,88,"3.193.335,65"
645,82.099.029/0001-37,de 10.000.000 até 30.000.000,de 50 até 100,8,"695.462,46"
646,88.305.719/0001-81,de 10.000.000 até 30.000.000,de 100 até 500,63,"5.229.977,69"
647,01.333.984/0001-95,de 300.000.000 até 500.000.000,de 50 até 100,0,-
648,85.121.820/0001-94,de 30.000.000 até 100.000.000,de 100 até 500,3,"95.991,16"
649,94.854.908/0001-06,de 100.000.000 até 300.000.000,acima de 500,0,-
650,86.967.163/0001-63,de 30.000.000 até 100.000.000,de 100 até 500,9,"8.534.827,17"
651,92.726.785/0001-00,de 30.000.000 até 100.000.000,de 100 até 500,8,"5.633.790,92"
652,76.614.254/0001-61,de 30.000.000 até 100.000.000,de 100 até 500,156,"1.040.295,56"
653,00.637.771/0001-94,de 1.500.000 até 4.800.000,de 10 até 50,23,"404.897,06"
654,88.614.078/0001-47,de 30.000.000 até 100.000.000,de 100 até 500,131,"8.631.928,57"
655,83.188.110/0001-56,de 100.000.000 até 300.000.000,de 100 até 500,1,"168,38"
656,83.017.350/0001-98,de 100.000.000 até 300.000.000,de 100 até 500,0,-
657,02.064.150/0001-94,de 100.000.000 até 300.000.000,de 100 até 500,0,-
658,73.367.575/0001-10,de 30.000.000 até 100.000.000,de 100 até 500,0,-
659,88.332.580/0001-65,de 4.800.000 até 10.000.000,de 50 até 100,605,"73.039.887,31"
660,92.639.954/0001-67,de 30.000.000 até 100.000.000,de 100 até 500,230,"18.188.080,72"
661,03.839.843/0001-74,de 4.800.000 até 10.000.000,de 50 até 100,?,
662,06.102.739/0001-90,de 4.800.000 até 10.000.000,de 50 até 100,0,-
663,05.856.589/0001-48,de 81.000 até 360.000,de 10 até 50,0,-
664,84.683.408/0001-03,de 500.000.000 até 1.000.000.000,de 100 até 500,0,-
665,89.432.702/0001-58,de 100.000.000 até 300.000.000,de 100 até 500,152,"32.580.761,89"
666,01.374.729/0001-90,de 10.000.000 até 30.000.000,de 100 até 500,0,-
667,80.319.064/0001-99,de 10.000.000 até 30.000.000,de 100 até 500,1,"81.769,52"
668,94.576.196/0001-00,de 360.000 até 1.500.000,de 10 até 50,106,"749.828,85"
669,76.489.533/0001-40,de 10.000.000 até 30.000.000,de 100 até 500,0,-
670,02.555.908/0001-97,de 10.000.000 até 30.000.000,de 50 até 100,14,"3.206.984,12"
671,81.114.803/0001-79,de 30.000.000 até 100.000.000,de 100 até 500,0,-
672,10.981.598/0001-09,de 10.000.000 até 30.000.000,de 50 até 100,0,"5.292,34"
673,75.126.979/0001-48,de 30.000.000 até 100.000.000,de 100 até 500,155,"2.016.506,30"
674,20.308.036/0001-44,de 30.000.000 até 100.000.000,de 50 até 100,94,"4.701.447,74"
675,90.148.016/0001-39,de 10.000.000 até 30.000.000,de 50 até 100,52,"5.507.902,26"
676,80.700.024/0001-92,de 1.500.000 até 4.800.000,de 100 até 500,0,-
677,09.134.437/0001-92,de 30.000.000 até 100.000.000,de 100 até 500,0,-
678,04.992.664/0001-35,de 30.000.000 até 100.000.000,de 100 até 500,0,-
679,83.240.028/0001-23,de 30.000.000 até 100.000.000,de 50 até 100,0,-
680,01.212.068/0001-05,de 1.500.000 até 4.800.000,de 10 até 50,0,-
681,89.568.224/0001-08,de 4.800.000 até 10.000.000,de 100 até 500,0,-
682,02.414.127/0001-82,de 10.000.000 até 30.000.000,de 50 até 100,817,"17.811.820,58"
683,84.683.887/0001-50,de 100.000.000 até 300.000.000,acima de 500,0,-
684,74.020.041/0001-86,de 10.000.000 até 30.000.000,de 50 até 100,424,"843.614,99"
685,04.845.059/0001-31,de 30.000.000 até 100.000.000,de 100 até 500,0,-
686,07.752.236/0001-23,de 100.000.000 até 300.000.000,de 50 até 100,0,-
687,76.360.874/0001-11,de 10.000.000 até 30.000.000,de 100 até 500,0,-
688,95.767.943/0001-50,de 10.000.000 até 30.000.000,de 50 até 100,0,-
689,01.631.857/0001-72,de 1.500.000 até 4.800.000,de 10 até 50,0,-
690,01.892.664/0001-75,de 1.500.000 até 4.800.000,de 50 até 100,0,-
691,02.093.733/0001-43,,,,
692,83.310.441/0001-17,acima de 1.000.000.000,de 100 até 500,2,"19.653,00"
693,76.657.030/0001-37,de 30.000.000 até 100.000.000,de 100 até 500,22,"7.615,99"
694,79.653.119/0001-13,de 100.000.000 até 300.000.000,de 100 até 500,0,-
695,00.588.446/0001-89,de 1.500.000 até 4.800.000,de 10 até 50,0,-
696,05.864.267/0001-40,de 1.500.000 até 4.800.000,de 10 até 50,48,"219.696,47"
697,92.195.692/0001-99,,,,
698,10.800.802/0001-30,de 1.500.000 até 4.800.000,de 50 até 100,0,-
699,02.116.027/0001-70,,,,
700,79.683.496/0001-03,de 10.000.000 até 30.000.000,de 100 até 500,0,-
701,91.772.301/0001-99,de 1.500.000 até 4.800.000,de 100 até 500,0,-
702,08.719.162/0001-96,de 4.800.000 até 10.000.000,de 50 até 100,437,"4.506.428,43"
703,83.109.504/0001-71,de 100.000.000 até 300.000.000,de 100 até 500,0,-
704,04.683.673/0001-44,de 1.500.000 até 4.800.000,de 10 até 50,0,-
705,09.405.243/0001-84,de 1.500.000 até 4.800.000,de 10 até 50,19,"157.284,20"
706,09.216.620/0001-37,de 100.000.000 até 300.000.000,de 100 até 500,0,-
707,07.106.525/0001-55,de 10.000.000 até 30.000.000,acima de 500,2,"49.664,61"
708,01.490.997/0001-78,de 360.000 até 1.500.000,de 10 até 50,0,-
709,94.316.999/0001-26,de 10.000.000 até 30.000.000,de 100 até 500,0,-
710,00.502.654/0001-13,de 4.800.000 até 10.000.000,de 50 até 100,0,-
711,86.967.270/0001-91,,,,
712,88.270.343/0001-17,,,,
713,08.651.140/0001-31,de 10.000.000 até 30.000.000,de 100 até 500,63,"8.625.700,78"
714,00.477.761/0001-39,de 30.000.000 até 100.000.000,de 100 até 500,0,-
715,76.840.537/0001-21,de 30.000.000 até 100.000.000,de 100 até 500,0,-
716,82.183.716/0001-36,de 30.000.000 até 100.000.000,de 100 até 500,0,-
717,75.797.118/0001-91,de 10.000.000 até 30.000.000,de 100 até 500,0,-
718,89.615.116/0001-49,de 10.000.000 até 30.000.000,de 10 até 50,0,-
719,87.366.746/0001-00,de 100.000.000 até 300.000.000,de 100 até 500,0,-
720,80.696.560/0001-61,de 360.000 até 1.500.000,de 10 até 50,0,-
721,03.091.310/0001-57,,,,
722,88.644.091/0001-49,de 10.000.000 até 30.000.000,de 10 até 50,576,"7.995.664,70"
723,90.547.274/0001-98,,,,
724,96.551.445/0001-39,de 10.000.000 até 30.000.000,de 100 até 500,1,"597.201,30"
725,90.712.449/0001-75,,,,
726,04.626.360/0001-54,de 30.000.000 até 100.000.000,acima de 500,544,"3.049.215,83"
727,00.844.239/0001-48,de 30.000.000 até 100.000.000,de 100 até 500,198,"108.882.987,82"
728,86.046.463/0001-00,de 100.000.000 até 300.000.000,de 100 até 500,0,-
729,05.042.570/0001-68,de 1.500.000 até 4.800.000,de 10 até 50,0,-
730,75.883.975/0001-04,de 10.000.000 até 30.000.000,de 50 até 100,28,"17.233.160,08"
731,05.258.300/0001-99,de 10.000.000 até 30.000.000,de 50 até 100,131,"5.240.674,86"
0,01.314.776/0001-49,de 1.500.000 até 4.800.000,de 10 até 50,36,"9.196.456,58"
1,00.061.315/0001-49,de 100.000.000 até 300.000.000,de 50 até 100,2,"64.680,62"
2,00.863.529/0001-39,de 10.000.000 até 30.000.000,de 50 até 100,0,-
3,83.109.579/0001-52,de 10.000.000 até 30.000.000,de 100 até 500,21,"28.991.636,43"
4,88.371.075/0001-20,de 1.500.000 até 4.800.000,de 10 até 50,0,-
5,86.837.366/0001-35,de 30.000.000 até 100.000.000,de 100 até 500,0,-
6,10.955.794/0001-09,de 1.500.000 até 4.800.000,de 50 até 100,161,"2.631.535,36"
7,91.956.755/0001-10,de 1.500.000 até 4.800.000,de 10 até 50,0,-
8,73.282.196/0001-28,de 0 até 81.000,de 10 até 50,153,"10.800.919,07"
9,00.826.619/0001-50,de 30.000.000 até 100.000.000,de 100 até 500,27,"9.281.259,35"
10,03.532.453/0001-57,de 10.000.000 até 30.000.000,de 50 até 100,25,"45.919.981,45"
11,82.134.073/0001-30,de 30.000.000 até 100.000.000,de 100 até 500,9,"753.291,01"
12,73.305.815/0001-52,de 1.500.000 até 4.800.000,de 10 até 50,0,-
13,92.804.541/0001-90,de 30.000.000 até 100.000.000,de 50 até 100,121,"13.053.580,67"
14,86.365.350/0001-77,de 30.000.000 até 100.000.000,de 100 até 500,122,"2.186.664,80"
15,05.145.957/0001-40,de 10.000.000 até 30.000.000,de 100 até 500,4,"3.286.590,86"
16,87.843.660/0001-12,de 30.000.000 até 100.000.000,de 100 até 500,79,"22.542.914,50"
17,08.895.701/0001-48,de 1.500.000 até 4.800.000,de 10 até 50,0,-
18,95.816.963/0001-74,de 10.000.000 até 30.000.000,acima de 500,33,"39.698.117,61"
19,03.591.919/0001-95,de 0 até 81.000,de 10 até 50,27,"248.716,66"
20,13.785.854/0001-72,de 30.000.000 até 100.000.000,de 100 até 500,596,"6.561.916,73"
21,03.726.402/0001-66,de 10.000.000 até 30.000.000,de 50 até 100,0,-
22,03.838.986/0001-61,de 4.800.000 até 10.000.000,de 50 até 100,0,-
23,04.376.684/0001-81,de 30.000.000 até 100.000.000,de 100 até 500,0,-
24,78.627.148/0001-48,de 1.500.000 até 4.800.000,de 10 até 50,0,-
25,84.907.781/0001-92,de 360.000 até 1.500.000,de 10 até 50,0,-
26,76.380.914/0001-97,de 4.800.000 até 10.000.000,de 100 até 500,0,-
27,90.336.215/0001-70,de 30.000.000 até 100.000.000,de 50 até 100,293,"7.404.624,93"
28,05.378.317/0001-80,de 100.000.000 até 300.000.000,de 100 até 500,0,-
29,02.225.085/0001-31,de 100.000.000 até 300.000.000,de 100 até 500,0,-
30,00.933.691/0001-86,de 30.000.000 até 100.000.000,de 100 até 500,1,"80,00"
31,76.642.891/0001-41,de 100.000.000 até 300.000.000,de 100 até 500,505,"12.278.221,69"
32,76.827.344/0001-30,de 300.000.000 até 500.000.000,de 100 até 500,0,-
33,04.094.369/0001-61,de 1.500.000 até 4.800.000,de 10 até 50,0,-
34,04.663.931/0001-20,de 1.500.000 até 4.800.000,de 10 até 50,136,"2.495.466,02"
35,08.601.546/0001-00,de 1.500.000 até 4.800.000,acima de 500,238,"2.936.418,08"
36,73.379.356/0001-51,de 1.500.000 até 4.800.000,de 10 até 50,29,"224.556,79"
37,94.305.091/0001-17,de 10.000.000 até 30.000.000,de 50 até 100,0,-
38,75.370.437/0001-16,de 30.000.000 até 100.000.000,de 100 até 500,0,-
39,07.598.373/0001-55,de 10.000.000 até 30.000.000,de 50 até 100,0,-
40,10.013.491/0001-69,de 10.000.000 até 30.000.000,de 50 até 100,3,"232.120,94"
41,84.229.889/0001-73,de 100.000.000 até 300.000.000,de 100 até 500,0,-
42,83.602.896/0001-06,de 30.000.000 até 100.000.000,acima de 500,0,-
43,82.982.307/0001-08,de 30.000.000 até 100.000.000,de 100 até 500,0,-
44,02.897.594/0001-00,de 4.800.000 até 10.000.000,de 100 até 500,0,-
45,83.182.485/0001-09,de 10.000.000 até 30.000.000,de 100 até 500,0,-
46,08.080.487/0001-71,de 100.000.000 até 300.000.000,de 100 até 500,0,-
47,00.325.400/0001-77,de 30.000.000 até 100.000.000,de 100 até 500,133,"20.336.992,23"
48,14.750.098/0001-09,de 81.000 até 360.000,de 10 até 50,192,"347.365,10"
49,86.530.318/0001-08,de 100.000.000 até 300.000.000,de 100 até 500,69,"383.878,14"
50,14.615.031/0001-61,de 1.500.000 até 4.800.000,de 10 até 50,?,-
51,83.445.288/0001-35,de 30.000.000 até 100.000.000,de 100 até 500,0,-
52,80.446.990/0001-25,de 100.000.000 até 300.000.000,de 100 até 500,0,-
53,02.811.281/0001-98,de 0 até 81.000,de 10 até 50,0,-
54,03.634.530/0001-80,de 100.000.000 até 300.000.000,de 100 até 500,0,-
55,11.267.022/0001-39,de 81.000 até 360.000,de 10 até 50,253,"1.312.011,88"
56,00.350.387/0001-06,de 100.000.000 até 300.000.000,de 5 até 10,7,"20.643.925,03"
57,13.056.177/0003-13,de 100.000.000 até 300.000.000,de 100 até 500,26,"4.258.787,83"
58,02.936.443/0001-14,de 4.800.000 até 10.000.000,de 50 até 100,0,-
59,78.216.298/0001-69,de 10.000.000 até 30.000.000,de 100 até 500,0,-
60,02.585.301/0001-50,de 30.000.000 até 100.000.000,de 100 até 500,0,-
61,05.810.004/0001-59,de 10.000.000 até 30.000.000,de 100 até 500,0,-
62,87.518.510/0001-33,de 4.800.000 até 10.000.000,de 100 até 500,2,"26.885,57"
63,01.763.720/0001-71,de 300.000.000 até 500.000.000,de 100 até 500,0,-
64,82.641.325/0001-18,de 500.000.000 até 1.000.000.000,de 100 até 500,13,"53.270,76"
65,82.956.889/0001-40,de 100.000.000 até 300.000.000,acima de 500,391,"139.116.992,62"
66,85.215.051/0001-93,de 4.800.000 até 10.000.000,de 50 até 100,0,-
67,82.981.721/0001-94,de 100.000.000 até 300.000.000,de 100 até 500,0,-
68,11.169.963/0001-30,de 4.800.000 até 10.000.000,de 50 até 100,0,-
69,82.641.986/0001-43,de 100.000.000 até 300.000.000,acima de 500,0,-
