,CNPJ,SConsData,Resultado,SCaminhoArquivo,txt_type
0,56633000111,2019-01-15 00:00:00,0,SERASA-R13939315.txt,LIMPO
1,61315000149,2020-01-30 00:00:00,0,61315000149.txt,LIMPO
2,87731000116,2019-06-06 00:00:00,1,SERASA-R12193942.txt,LIMPO
3,101599000150,2019-04-18 00:00:00,1,SERASA-R2200224.txt,LIMPO
4,126674000137,2019-05-16 00:00:00,1,SERASA-R12322061.txt,LIMPO
5,130132000138,2018-04-25 00:00:00,1,SERASA-R2862418.txt,LIMPO
6,147109000156,2019-03-22 00:00:00,1,SERASA-R2223542.txt,LIMPO
7,164925000178,2019-01-28 00:00:00,1,SERASA-R1416594.txt,LIMPO
8,202187000106,2019-01-16 00:00:00,1,SERASA-R1782274.txt,LIMPO
9,213945000191,2019-10-02 00:00:00,1,SERASA-R12420371.txt,LIMPO
10,214242000188,2018-12-20 00:00:00,1,SERASA-R2017142.txt,LIMPO
11,218077000132,2018-04-24 00:00:00,0,SERASA-R1732956.txt,LIMPO
12,249452000101,2019-02-11 00:00:00,1,SERASA-R2029292.txt,LIMPO
13,263313000132,2019-08-20 00:00:00,1,SERASA-R2110482.txt,LIMPO
14,277957000180,2018-02-19 00:00:00,1,SERASA-R2216652.txt,LIMPO
15,282717000173,2018-04-03 00:00:00,0,SERASA-R2278871.txt,LIMPO
16,325400000177,2019-03-22 00:00:00,0,SERASA-R114892.txt,LIMPO
17,327921000163,2017-04-10 00:00:00,0,SERASA-R1749121.txt,LIMPO
18,350387000106,2018-07-23 00:00:00,0,SERASA-R1173217.txt,LIMPO
19,374121000101,2019-01-23 00:00:00,1,SERASA-R1442045.txt,LIMPO
20,425457000148,2019-01-24 00:00:00,1,SERASA-R1989743.txt,LIMPO
21,448591000164,2019-03-18 00:00:00,1,SERASA-R294336.txt,LIMPO
22,477761000139,2018-07-16 00:00:00,1,SERASA-R8942432.txt,LIMPO
23,478490000136,2019-04-15 00:00:00,1,SERASA-R12307521.txt,LIMPO
24,502654000113,2019-03-11 00:00:00,1,SERASA-R889493.txt,LIMPO
25,540982000104,2018-04-06 00:00:00,0,SERASA-R2282371.txt,LIMPO
26,551493000158,2018-05-04 00:00:00,0,SERASA-R347535.txt,LIMPO
27,568490000127,2018-04-10 00:00:00,1,SERASA-R2283241.txt,LIMPO
28,583345000115,2018-08-07 00:00:00,0,SERASA-R2230602.txt,LIMPO
29,588446000189,2018-07-17 00:00:00,0,SERASA-R822932.txt,LIMPO
30,637261000117,2019-07-24 00:00:00,1,SERASA-R18823412.txt,LIMPO
31,637771000194,2018-04-06 00:00:00,0,SERASA-R590461.txt,LIMPO
32,675356000125,2019-06-04 00:00:00,1,SERASA-R1366542.txt,LIMPO
33,680853000111,2019-07-08 00:00:00,1,SERASA-R12353661.txt,LIMPO
34,713282000174,2019-03-01 00:00:00,1,SERASA-R1441454.txt,LIMPO
35,715583000137,2018-01-02 00:00:00,1,SERASA-R216437.txt,LIMPO
36,716481000136,2019-08-20 00:00:00,1,SERASA-R2168693.txt,LIMPO
37,826619000150,2019-05-16 00:00:00,0,SERASA-R1039134.txt,LIMPO
38,844239000148,2019-03-21 00:00:00,1,SERASA-R957003.txt,LIMPO
39,849791000129,2019-03-21 00:00:00,1,SERASA-R12285611.txt,LIMPO
40,863529000139,2020-02-07 00:00:00,0,863529000139.txt,LIMPO
41,892462000160,2017-10-13 00:00:00,0,SERASA-R4503616.txt,LIMPO
42,906835000105,2019-11-06 00:00:00,1,SERASA-R12386772.txt,LIMPO
43,933691000186,2019-02-08 00:00:00,1,SERASA-R1073523.txt,LIMPO
44,993068000119,2018-04-17 00:00:00,1,SERASA-R1688851.txt,LIMPO
45,1066048000165,2018-08-24 00:00:00,1,SERASA-R1460974.txt,LIMPO
46,1133434000122,2011-08-17 00:00:00,0,SERASA-R20121.txt,LIMPO
47,1152664000139,2019-01-25 00:00:00,1,SERASA-R12264031.txt,LIMPO
48,1167639000129,2019-07-24 00:00:00,1,SERASA-R1815663.txt,LIMPO
49,1201578000179,2019-10-23 00:00:00,0,SERASA-R12437832.txt,LIMPO
50,1209557000108,2019-08-21 00:00:00,0,SERASA-R12233632.txt,LIMPO
51,1212068000105,2017-05-23 00:00:00,1,SERASA-R736965.txt,LIMPO
52,1214548000105,2019-09-18 00:00:00,1,SERASA-R2104784.txt,LIMPO
53,1242532000106,2018-05-07 00:00:00,0,SERASA-R1919271.txt,LIMPO
54,1314776000149,2020-01-28 00:00:00,1,1314776000149.txt,LIMPO
55,1322816000102,2019-04-15 00:00:00,1,SERASA-R12307141.txt,LIMPO
56,1333984000195,2018-12-28 00:00:00,1,SERASA-R565932.txt,LIMPO
57,1374729000190,2019-08-12 00:00:00,1,SERASA-R6953813.txt,LIMPO
58,1408635000195,2018-04-24 00:00:00,1,SERASA-R465862.txt,LIMPO
59,1419915000107,2019-07-01 00:00:00,0,SERASA-R12289612.txt,LIMPO
60,1423807000108,2019-05-16 00:00:00,1,SERASA-R1841926.txt,LIMPO
61,1442702000198,2019-02-21 00:00:00,1,SERASA-R448079.txt,LIMPO
62,1445448000181,2018-04-03 00:00:00,1,SERASA-R307121.txt,LIMPO
63,1490997000178,2018-01-11 00:00:00,0,SERASA-R882933.txt,LIMPO
64,1506081000169,2019-03-18 00:00:00,0,SERASA-R15248011.txt,LIMPO
65,1533865000186,2019-05-17 00:00:00,0,SERASA-R12156723.txt,LIMPO
66,1586212000165,2018-01-11 00:00:00,1,SERASA-R1251983.txt,LIMPO
67,1603183000100,2019-07-01 00:00:00,1,SERASA-R1641122.txt,LIMPO
68,1631857000172,2018-10-04 00:00:00,0,SERASA-R796147.txt,LIMPO
69,1669730000142,2019-03-25 00:00:00,1,SERASA-R217916.txt,LIMPO
70,1674524000120,2017-11-20 00:00:00,0,SERASA-R12896611.txt,LIMPO
71,1693525000112,2019-03-20 00:00:00,1,SERASA-R12284921.txt,LIMPO
72,1763720000171,2019-03-07 00:00:00,1,SERASA-R11913711.txt,LIMPO
73,1820799000125,2019-11-11 00:00:00,1,SERASA-R2055734.txt,LIMPO
74,1833002000124,2019-02-12 00:00:00,1,SERASA-R12269821.txt,LIMPO
75,1855065000181,2019-09-17 00:00:00,1,SERASA-R12403501.txt,LIMPO
76,1867652000190,2019-03-18 00:00:00,1,SERASA-R222721.txt,LIMPO
77,1892664000175,2019-05-27 00:00:00,1,SERASA-R802153.txt,LIMPO
78,1956679000150,2019-04-12 00:00:00,1,SERASA-R12306311.txt,LIMPO
79,1978934000165,2019-03-18 00:00:00,1,SERASA-R5075310.txt,LIMPO
80,2006655000100,2019-07-01 00:00:00,1,SERASA-R1439294.txt,LIMPO
81,2017191000120,2018-02-05 00:00:00,1,SERASA-R19203.txt,LIMPO
82,2039051000152,2019-09-17 00:00:00,1,SERASA-R12403491.txt,LIMPO
83,2064150000194,2019-10-10 00:00:00,0,SERASA-R610776.txt,LIMPO
84,2091058000113,2017-08-04 00:00:00,0,SERASA-R2098791.txt,LIMPO
85,2093733000143,2019-04-15 00:00:00,1,SERASA-R808052.txt,LIMPO
86,2116027000170,2019-02-11 00:00:00,0,SERASA-R850503.txt,LIMPO
87,2147467000194,2019-05-06 00:00:00,0,SERASA-R12316881.txt,LIMPO
88,2166703000110,2019-02-04 00:00:00,1,SERASA-R12266631.txt,LIMPO
89,2202565000187,2019-04-05 00:00:00,1,SERASA-R1440225.txt,LIMPO
90,2209188000108,2019-03-22 00:00:00,1,SERASA-R12177962.txt,LIMPO
91,2225085000131,2019-07-12 00:00:00,1,SERASA-R1073225.txt,LIMPO
92,2232872000100,2019-01-15 00:00:00,1,SERASA-R1421514.txt,LIMPO
93,2237016000148,2019-05-17 00:00:00,1,SERASA-R1792164.txt,LIMPO
94,2278437000117,2018-09-13 00:00:00,0,SERASA-R13356411.txt,LIMPO
95,2279154000190,2018-04-05 00:00:00,0,SERASA-R1913743.txt,LIMPO
96,2279324000136,2019-05-03 00:00:00,0,SERASA-R259143.txt,LIMPO
97,2288420000140,2018-09-14 00:00:00,1,SERASA-R1652324.txt,LIMPO
98,2290876000145,2017-06-27 00:00:00,1,SERASA-R224211.txt,LIMPO
99,2355505000102,2017-07-21 00:00:00,0,SERASA-R1922112.txt,LIMPO
100,2375902000138,2019-04-03 00:00:00,0,SERASA-R1295824.txt,LIMPO
101,2376612000109,2018-04-17 00:00:00,0,SERASA-R2287301.txt,LIMPO
102,2385570000172,2019-05-24 00:00:00,1,SERASA-R12195055.txt,LIMPO
103,2393313000182,2019-10-28 00:00:00,1,SERASA-R1741044.txt,LIMPO
104,2396670000102,2018-01-16 00:00:00,1,SERASA-R1907133.txt,LIMPO
105,2414127000182,2018-07-02 00:00:00,1,SERASA-R7483612.txt,LIMPO
106,2441272000152,2019-10-16 00:00:00,1,SERASA-R549215.txt,LIMPO
107,2448442000120,2019-02-21 00:00:00,1,SERASA-R12273931.txt,LIMPO
108,2473096000130,2018-08-22 00:00:00,1,SERASA-R518153.txt,LIMPO
109,2484960000108,2019-03-27 00:00:00,0,SERASA-R2004976.txt,LIMPO
110,2535948000177,2017-07-17 00:00:00,0,SERASA-R1814338.txt,LIMPO
111,2538436000164,2019-08-19 00:00:00,0,SERASA-R364665.txt,LIMPO
112,2544522000180,2019-01-28 00:00:00,1,SERASA-R12154852.txt,LIMPO
113,2548987000109,2019-01-24 00:00:00,1,SERASA-R2067193.txt,LIMPO
114,2554179000154,2018-01-22 00:00:00,0,SERASA-R2234501.txt,LIMPO
115,2555908000197,2019-05-31 00:00:00,1,SERASA-R6964911.txt,LIMPO
116,2576052000136,2018-08-15 00:00:00,1,SERASA-R2299522.txt,LIMPO
117,2580492000167,2019-05-17 00:00:00,1,SERASA-R2006232.txt,LIMPO
118,2585301000150,2019-02-11 00:00:00,1,SERASA-R11840114.txt,LIMPO
119,2591957000185,2019-10-11 00:00:00,1,SERASA-R1766425.txt,LIMPO
120,2674286000116,2019-09-17 00:00:00,0,SERASA-R12403511.txt,LIMPO
121,2708859000185,2018-09-14 00:00:00,0,SERASA-R12194721.txt,LIMPO
122,2742731000138,2019-05-31 00:00:00,0,SERASA-R1853233.txt,LIMPO
123,2791452000164,2019-03-27 00:00:00,1,SERASA-R12289361.txt,LIMPO
124,2799943000151,2019-02-20 00:00:00,0,SERASA-R1961822.txt,LIMPO
125,2809886000144,2019-12-06 00:00:00,0,SERASA-R12194763.txt,LIMPO
126,2811281000198,2018-01-30 00:00:00,0,SERASA-R11676818.txt,LIMPO
127,2888241000144,2019-04-04 00:00:00,0,SERASA-R12300871.txt,LIMPO
128,2897594000100,2017-07-24 00:00:00,0,SERASA-R1138102.txt,LIMPO
129,2936443000114,2017-05-17 00:00:00,1,SERASA-R1183131.txt,LIMPO
130,2978520000107,2019-01-25 00:00:00,1,SERASA-R1510083.txt,LIMPO
131,3032577000173,2019-01-31 00:00:00,1,SERASA-R484694.txt,LIMPO
132,3033392000183,2018-07-18 00:00:00,0,SERASA-R1863261.txt,LIMPO
133,3041024000187,2018-07-26 00:00:00,1,SERASA-R12156482.txt,LIMPO
134,3046744000135,2019-03-06 00:00:00,1,SERASA-R12280181.txt,LIMPO
135,3091310000157,2017-07-03 00:00:00,1,SERASA-R937156.txt,LIMPO
136,3135187000129,2019-07-24 00:00:00,1,SERASA-R1296996.txt,LIMPO
137,3186880000120,2018-02-09 00:00:00,1,SERASA-R1670944.txt,LIMPO
138,3260359000196,2019-08-06 00:00:00,0,SERASA-R1625195.txt,LIMPO
139,3265874000169,2019-04-01 00:00:00,0,SERASA-R1619706.txt,LIMPO
140,3279946000127,2019-07-11 00:00:00,1,SERASA-R13033212.txt,LIMPO
141,3314111000160,2019-05-16 00:00:00,1,SERASA-R12322291.txt,LIMPO
142,3346298000184,2019-11-05 00:00:00,1,SERASA-R12374131.txt,LIMPO
143,3384912000100,2019-02-28 00:00:00,1,SERASA-R1306806.txt,LIMPO
144,3391986000166,2018-06-11 00:00:00,1,SERASA-R2225251.txt,LIMPO
145,3409347000180,2019-05-16 00:00:00,0,SERASA-R12321841.txt,LIMPO
146,3483185000120,2018-02-01 00:00:00,0,SERASA-R2242561.txt,LIMPO
147,3485692000101,2019-03-25 00:00:00,1,SERASA-R12287051.txt,LIMPO
148,3509540000193,2019-01-17 00:00:00,1,SERASA-R12258361.txt,LIMPO
149,3527217000142,2018-07-18 00:00:00,1,SERASA-R2188762.txt,LIMPO
150,3532453000157,2019-11-21 00:00:00,1,SERASA-R1039177.txt,LIMPO
151,3554317000168,2019-05-27 00:00:00,1,SERASA-R12328031.txt,LIMPO
152,3579464000192,2019-08-20 00:00:00,1,SERASA-R505245.txt,LIMPO
153,3591919000195,2017-08-23 00:00:00,0,SERASA-R1059089.txt,LIMPO
154,3623427000134,2019-09-10 00:00:00,1,SERASA-R12399541.txt,LIMPO
155,3634530000180,2019-03-22 00:00:00,1,SERASA-R1169476.txt,LIMPO
156,3675453000106,2018-07-13 00:00:00,1,SERASA-R14584813.txt,LIMPO
157,3726402000166,2018-01-15 00:00:00,1,SERASA-R1061802.txt,LIMPO
158,3750888000178,2019-02-11 00:00:00,0,SERASA-R1596813.txt,LIMPO
159,3768748000127,2017-05-17 00:00:00,1,SERASA-R1579202.txt,LIMPO
160,3808491000190,2018-05-14 00:00:00,0,SERASA-R446996.txt,LIMPO
161,3809754000185,2019-05-10 00:00:00,1,SERASA-R295816.txt,LIMPO
162,3838986000161,2019-04-15 00:00:00,1,SERASA-R106225.txt,LIMPO
163,3839843000174,2019-03-08 00:00:00,1,SERASA-R658031.txt,LIMPO
164,3858100000141,2019-07-24 00:00:00,1,SERASA-R14575820.txt,LIMPO
165,3913786000126,2019-04-29 00:00:00,1,SERASA-R1710604.txt,LIMPO
166,4016420000117,2019-03-21 00:00:00,1,SERASA-R1305293.txt,LIMPO
167,4069595000192,2018-07-31 00:00:00,0,SERASA-R1215017.txt,LIMPO
168,4094369000161,2017-10-16 00:00:00,0,SERASA-R1088782.txt,LIMPO
169,4108375000120,2019-04-10 00:00:00,0,SERASA-R12260451.txt,LIMPO
170,4120251000160,2018-05-04 00:00:00,0,SERASA-R2297451.txt,LIMPO
171,4168163000139,2019-05-13 00:00:00,0,SERASA-R1746233.txt,LIMPO
172,4196193000159,2018-10-30 00:00:00,1,SERASA-R12221751.txt,LIMPO
173,4197550000101,2017-07-17 00:00:00,0,SERASA-R2082501.txt,LIMPO
174,4203927000180,2019-10-21 00:00:00,1,SERASA-R12435751.txt,LIMPO
175,4310364000129,2019-01-28 00:00:00,1,SERASA-R13855214.txt,LIMPO
176,4313814000137,2017-12-06 00:00:00,1,SERASA-R1275724.txt,LIMPO
177,4330681000107,2019-03-22 00:00:00,1,SERASA-R12286011.txt,LIMPO
178,4340373000162,2019-07-02 00:00:00,1,SERASA-R12320902.txt,LIMPO
179,4344406000142,2019-08-15 00:00:00,0,SERASA-R12382281.txt,LIMPO
180,4346278000176,2018-01-29 00:00:00,0,SERASA-R2240321.txt,LIMPO
181,4369606000150,2018-01-29 00:00:00,1,SERASA-R1843324.txt,LIMPO
182,4376684000181,2019-05-16 00:00:00,1,SERASA-R10635510.txt,LIMPO
183,4385881000167,2019-03-18 00:00:00,1,SERASA-R12156422.txt,LIMPO
184,4427774000154,2018-02-28 00:00:00,0,SERASA-R2249262.txt,LIMPO
185,4432327000193,2019-05-17 00:00:00,1,SERASA-R1920934.txt,LIMPO
186,4444171000160,2019-03-26 00:00:00,1,SERASA-R12288201.txt,LIMPO
187,4470242000108,2018-04-02 00:00:00,0,SERASA-R14597311.txt,LIMPO
188,4475667000100,2018-09-14 00:00:00,1,SERASA-R12194911.txt,LIMPO
189,4531177000175,2019-05-03 00:00:00,0,SERASA-R2122526.txt,LIMPO
190,4531552000187,2019-09-17 00:00:00,1,SERASA-R12403611.txt,LIMPO
191,4544783000125,2018-01-02 00:00:00,1,SERASA-R1584203.txt,LIMPO
192,4565361000136,2019-03-08 00:00:00,1,SERASA-R1921623.txt,LIMPO
193,4576327000167,2019-04-22 00:00:00,1,SERASA-R1308945.txt,LIMPO
194,4580018000160,2018-10-03 00:00:00,1,SERASA-R2165823.txt,LIMPO
195,4586600000134,2017-08-03 00:00:00,0,SERASA-R2097741.txt,LIMPO
196,4626152000155,2018-06-15 00:00:00,1,SERASA-R1340974.txt,LIMPO
197,4626360000154,2017-10-18 00:00:00,1,SERASA-R9554210.txt,LIMPO
198,4647957000185,2017-07-21 00:00:00,0,SERASA-R1921342.txt,LIMPO
199,4656940000194,2017-12-18 00:00:00,0,SERASA-R2210972.txt,LIMPO
200,4657129000128,2019-07-24 00:00:00,1,SERASA-R12367951.txt,LIMPO
201,4663931000120,2017-09-26 00:00:00,0,SERASA-R1092696.txt,LIMPO
202,4683673000144,2019-08-12 00:00:00,1,SERASA-R871992.txt,LIMPO
203,4732235000129,2019-04-05 00:00:00,1,SERASA-R1471149.txt,LIMPO
204,4826813000196,2019-05-28 00:00:00,1,SERASA-R179218.txt,LIMPO
205,4845059000131,2018-01-11 00:00:00,1,SERASA-R766413.txt,LIMPO
206,4861226000138,2019-05-23 00:00:00,1,SERASA-R12306113.txt,LIMPO
207,4895202000108,2018-08-21 00:00:00,1,SERASA-R1740263.txt,LIMPO
208,4906823000131,2018-09-14 00:00:00,1,SERASA-R1974353.txt,LIMPO
209,4908287000103,2017-08-14 00:00:00,0,SERASA-R1378992.txt,LIMPO
210,4908757000139,2019-08-02 00:00:00,0,SERASA-R12368402.txt,LIMPO
211,4954155000118,2019-07-08 00:00:00,1,SERASA-R12211812.txt,LIMPO
212,4992664000135,2019-05-17 00:00:00,0,SERASA-R72024.txt,LIMPO
213,4997181000123,2018-01-11 00:00:00,1,SERASA-R2230371.txt,LIMPO
214,5002177000140,2019-09-17 00:00:00,1,SERASA-R12403481.txt,LIMPO
215,5010190000141,2019-05-17 00:00:00,1,SERASA-R14661528.txt,LIMPO
216,5012368000193,2019-07-24 00:00:00,0,SERASA-R12367541.txt,LIMPO
217,5013478000170,2018-05-07 00:00:00,0,SERASA-R2067762.txt,LIMPO
218,5036544000127,2018-04-24 00:00:00,0,SERASA-R5580119.txt,LIMPO
219,5042570000168,2018-05-16 00:00:00,0,SERASA-R976013.txt,LIMPO
220,5082188000188,2018-01-02 00:00:00,1,SERASA-R1459757.txt,LIMPO
221,5096500000192,2018-04-16 00:00:00,0,SERASA-R17833411.txt,LIMPO
222,5097311000134,2019-02-20 00:00:00,1,SERASA-R12211362.txt,LIMPO
223,5108435000178,2018-07-04 00:00:00,0,SERASA-R1858132.txt,LIMPO
224,5120289000104,2019-07-24 00:00:00,1,SERASA-R2234233.txt,LIMPO
225,5140658000112,2018-04-25 00:00:00,0,SERASA-R1737253.txt,LIMPO
226,5145957000140,2019-04-30 00:00:00,1,SERASA-R1052774.txt,LIMPO
227,5258300000199,2019-05-07 00:00:00,0,SERASA-R997002.txt,LIMPO
228,5314170000164,2018-02-26 00:00:00,1,SERASA-R1928703.txt,LIMPO
229,5319720000138,2019-02-28 00:00:00,1,SERASA-R12277381.txt,LIMPO
230,5346462000189,2018-04-06 00:00:00,0,SERASA-R2282401.txt,LIMPO
231,5376311000173,2019-03-25 00:00:00,1,SERASA-R12286431.txt,LIMPO
232,5378317000180,2019-05-17 00:00:00,0,SERASA-R1072515.txt,LIMPO
233,5404612000163,2018-04-25 00:00:00,0,SERASA-R1676863.txt,LIMPO
234,5409888000215,2019-03-26 00:00:00,1,SERASA-R12177942.txt,LIMPO
235,5423994000172,2019-03-26 00:00:00,0,SERASA-R1962423.txt,LIMPO
236,5455435000144,2018-02-20 00:00:00,1,SERASA-R2035583.txt,LIMPO
237,5488486000172,2019-10-11 00:00:00,1,SERASA-R12193562.txt,LIMPO
238,5619231000100,2019-04-15 00:00:00,0,SERASA-R1947702.txt,LIMPO
239,5623823000197,2017-06-06 00:00:00,1,SERASA-R4348411.txt,LIMPO
240,5696101000162,2015-08-25 00:00:00,1,SERASA-R1641171.txt,LIMPO
241,5703627000122,2019-03-25 00:00:00,1,SERASA-R12286721.txt,LIMPO
242,5735263000162,2019-09-26 00:00:00,1,SERASA-R12165393.txt,LIMPO
243,5745387000129,2018-04-18 00:00:00,0,SERASA-R1297547.txt,LIMPO
244,5783903000100,2019-07-24 00:00:00,1,SERASA-R1430234.txt,LIMPO
245,5810004000159,2019-10-21 00:00:00,1,SERASA-R1186007.txt,LIMPO
246,5856589000148,2018-07-09 00:00:00,1,SERASA-R667795.txt,LIMPO
247,5864267000140,2019-05-08 00:00:00,0,SERASA-R826532.txt,LIMPO
248,5908583000177,2018-09-14 00:00:00,0,SERASA-R1457858.txt,LIMPO
249,5926022000109,2017-10-18 00:00:00,1,SERASA-R451405.txt,LIMPO
250,5974479000180,2018-10-26 00:00:00,0,SERASA-R1763523.txt,LIMPO
251,6001539000141,2018-05-02 00:00:00,1,SERASA-R1546119.txt,LIMPO
252,6005521000207,2018-02-05 00:00:00,1,SERASA-R2014674.txt,LIMPO
253,6036316000110,2019-10-04 00:00:00,1,SERASA-R12424481.txt,LIMPO
254,6042259000181,2018-01-18 00:00:00,1,SERASA-R2233351.txt,LIMPO
255,6078921000153,2016-05-24 00:00:00,0,SERASA-R1447231.txt,LIMPO
256,6079036000199,2018-07-30 00:00:00,0,SERASA-R2015044.txt,LIMPO
257,6101244000147,2018-01-11 00:00:00,1,SERASA-R1429304.txt,LIMPO
258,6102739000190,2017-10-16 00:00:00,0,SERASA-R663352.txt,LIMPO
259,6134049000113,2019-07-24 00:00:00,0,SERASA-R1790464.txt,LIMPO
260,6143681000123,2019-03-07 00:00:00,1,SERASA-R12280211.txt,LIMPO
261,6235483000190,2019-07-30 00:00:00,0,SERASA-R12371721.txt,LIMPO
262,6251628000146,2019-09-10 00:00:00,1,SERASA-R2242893.txt,LIMPO
263,6293564000146,2019-04-03 00:00:00,1,SERASA-R1298573.txt,LIMPO
264,6317181000160,2019-04-15 00:00:00,1,SERASA-R1266704.txt,LIMPO
265,6337585000116,2019-03-15 00:00:00,0,SERASA-R1306815.txt,LIMPO
266,6341728000163,2019-07-24 00:00:00,1,SERASA-R12367551.txt,LIMPO
267,6637075000164,2019-03-12 00:00:00,0,SERASA-R2295633.txt,LIMPO
268,6698707000108,2019-09-17 00:00:00,1,SERASA-R12403281.txt,LIMPO
269,6935509000102,2018-05-04 00:00:00,0,SERASA-R2297151.txt,LIMPO
270,6938426000177,2019-04-11 00:00:00,1,SERASA-R12305351.txt,LIMPO
271,6947872000148,2019-07-04 00:00:00,0,SERASA-R12347681.txt,LIMPO
272,6985471000182,2019-10-11 00:00:00,0,SERASA-R13585713.txt,LIMPO
273,7045624000174,2019-03-26 00:00:00,1,SERASA-R1985555.txt,LIMPO
274,7048995000100,2018-05-14 00:00:00,0,SERASA-R2287332.txt,LIMPO
275,7067469000197,2019-07-24 00:00:00,1,SERASA-R12367561.txt,LIMPO
276,7083668000199,2019-04-05 00:00:00,1,SERASA-R12301391.txt,LIMPO
277,7097396000186,2017-11-09 00:00:00,0,SERASA-R2025017.txt,LIMPO
278,7106525000155,2019-02-14 00:00:00,1,SERASA-R8757329.txt,LIMPO
279,7110898000108,2019-10-07 00:00:00,0,SERASA-R12366803.txt,LIMPO
280,7118669000121,2018-07-18 00:00:00,1,SERASA-R12159211.txt,LIMPO
281,7123659000184,2019-01-29 00:00:00,0,SERASA-R1791792.txt,LIMPO
282,7162964000185,2019-05-16 00:00:00,1,SERASA-R12322321.txt,LIMPO
283,7182774000120,2019-07-24 00:00:00,1,SERASA-R1760794.txt,LIMPO
284,7215271000103,2019-06-11 00:00:00,1,SERASA-R1667596.txt,LIMPO
285,7218968000138,2018-12-07 00:00:00,1,SERASA-R1281905.txt,LIMPO
286,7229006000184,2018-09-14 00:00:00,0,SERASA-R2030303.txt,LIMPO
287,7292446000186,2019-03-20 00:00:00,1,SERASA-R1770437.txt,LIMPO
288,7300335000174,2019-07-24 00:00:00,0,SERASA-R12367571.txt,LIMPO
289,7306957000100,2019-10-14 00:00:00,1,SERASA-R12430991.txt,LIMPO
290,7365641000199,2019-04-05 00:00:00,0,SERASA-R2282432.txt,LIMPO
291,7432397000130,2019-05-07 00:00:00,1,SERASA-R1774214.txt,LIMPO
292,7598373000155,2019-03-21 00:00:00,1,SERASA-R1099459.txt,LIMPO
293,7598516000129,2019-08-21 00:00:00,1,SERASA-R12387061.txt,LIMPO
294,7622613000100,2019-04-08 00:00:00,1,SERASA-R12302481.txt,LIMPO
295,7646232000160,2018-08-06 00:00:00,0,SERASA-R2266762.txt,LIMPO
296,7688318000156,2019-11-21 00:00:00,1,SERASA-R1795636.txt,LIMPO
297,7752236000123,2018-04-06 00:00:00,1,SERASA-R769474.txt,LIMPO
298,7756543000182,2017-06-14 00:00:00,1,SERASA-R1431544.txt,LIMPO
299,7795539000123,2019-01-28 00:00:00,0,SERASA-R2298413.txt,LIMPO
300,7805011000198,2019-03-22 00:00:00,1,SERASA-R12285811.txt,LIMPO
301,7885290000147,2017-06-29 00:00:00,0,SERASA-R2067291.txt,LIMPO
302,7973104000121,2019-09-17 00:00:00,1,SERASA-R1788283.txt,LIMPO
303,7985980000178,2018-03-21 00:00:00,0,SERASA-R1408454.txt,LIMPO
304,8080487000171,2019-01-18 00:00:00,1,SERASA-R11425010.txt,LIMPO
305,8149256000177,2019-03-20 00:00:00,1,SERASA-R1382563.txt,LIMPO
306,8157644000108,2018-07-31 00:00:00,1,SERASA-R12165811.txt,LIMPO
307,8266046000169,2018-04-05 00:00:00,0,SERASA-R1680064.txt,LIMPO
308,8278672000175,2019-04-03 00:00:00,1,SERASA-R12299081.txt,LIMPO
309,8304710000117,2019-04-10 00:00:00,0,SERASA-R2010103.txt,LIMPO
310,8313402000158,2019-09-10 00:00:00,1,SERASA-R1340178.txt,LIMPO
311,8474768000109,2017-07-10 00:00:00,1,SERASA-R1955571.txt,LIMPO
312,8483483000134,2017-12-04 00:00:00,0,SERASA-R1455542.txt,LIMPO
313,8490282000164,2019-10-02 00:00:00,0,SERASA-R2053855.txt,LIMPO
314,8601546000100,2017-08-22 00:00:00,1,SERASA-R1093996.txt,LIMPO
315,8643573000145,2018-03-09 00:00:00,0,SERASA-R2067692.txt,LIMPO
316,8650630000113,2018-09-25 00:00:00,0,SERASA-R1216875.txt,LIMPO
317,8651140000131,2019-04-16 00:00:00,0,SERASA-R893929.txt,LIMPO
318,8662965000151,2019-01-28 00:00:00,1,SERASA-R2297862.txt,LIMPO
319,8719162000196,2017-11-14 00:00:00,1,SERASA-R860862.txt,LIMPO
320,8762826000108,2019-05-17 00:00:00,1,SERASA-R1851484.txt,LIMPO
321,8766561000108,2019-01-28 00:00:00,0,SERASA-R12264601.txt,LIMPO
322,8775142000132,2019-04-26 00:00:00,1,SERASA-R1487612.txt,LIMPO
323,8795206000167,2019-08-30 00:00:00,1,SERASA-R12279041.txt,LIMPO
324,8866500000112,2019-07-03 00:00:00,0,SERASA-R19943512.txt,LIMPO
325,8889084000178,2018-07-16 00:00:00,0,SERASA-R1625807.txt,LIMPO
326,8895701000148,2019-10-04 00:00:00,1,SERASA-R1058662.txt,LIMPO
327,8934728000100,2017-08-01 00:00:00,0,SERASA-R1478832.txt,LIMPO
328,8953166000134,2019-03-25 00:00:00,1,SERASA-R12286511.txt,LIMPO
329,9009247000143,2019-01-14 00:00:00,0,SERASA-R12187652.txt,LIMPO
330,9010211000180,2019-03-18 00:00:00,0,SERASA-R12284121.txt,LIMPO
331,9035359000179,2017-05-29 00:00:00,1,SERASA-R1284763.txt,LIMPO
332,9042430000140,2018-03-28 00:00:00,0,SERASA-R2010762.txt,LIMPO
333,9056083000105,2019-02-28 00:00:00,1,SERASA-R1766324.txt,LIMPO
334,9106695000165,2018-02-07 00:00:00,0,SERASA-R2099002.txt,LIMPO
335,9134437000192,2018-06-18 00:00:00,0,SERASA-R7115110.txt,LIMPO
336,9154984000130,2019-04-17 00:00:00,0,SERASA-R2211852.txt,LIMPO
337,9216620000137,2018-12-05 00:00:00,0,SERASA-R8742023.txt,LIMPO
338,9232271000147,2019-03-21 00:00:00,1,SERASA-R12285751.txt,LIMPO
339,9261750000191,2019-04-05 00:00:00,0,SERASA-R2010974.txt,LIMPO
340,9364298000193,2019-05-16 00:00:00,1,SERASA-R12212381.txt,LIMPO
341,9405243000184,2019-01-22 00:00:00,1,SERASA-R873591.txt,LIMPO
342,9434352000120,2019-10-04 00:00:00,1,SERASA-R12423701.txt,LIMPO
343,9465904000167,2019-07-15 00:00:00,0,SERASA-R12312434.txt,LIMPO
344,9483391000117,2017-07-21 00:00:00,0,SERASA-R2047412.txt,LIMPO
345,9531491000171,2019-01-18 00:00:00,1,SERASA-R12259081.txt,LIMPO
346,9533927000161,2019-01-31 00:00:00,1,SERASA-R12265721.txt,LIMPO
347,9544299000110,2015-08-13 00:00:00,1,SERASA-R1466843.txt,LIMPO
348,9545429000139,2019-03-22 00:00:00,1,SERASA-R12286041.txt,LIMPO
349,9574015000138,2018-04-06 00:00:00,0,SERASA-R2282311.txt,LIMPO
350,9649019000138,2019-04-26 00:00:00,0,SERASA-R1228752.txt,LIMPO
351,9652146000196,2019-01-28 00:00:00,1,SERASA-R2297972.txt,LIMPO
352,9676038000153,2019-07-04 00:00:00,1,SERASA-R12347671.txt,LIMPO
353,10013491000169,2019-10-10 00:00:00,1,SERASA-R1106373.txt,LIMPO
354,10193734000198,2019-07-24 00:00:00,0,SERASA-R2136174.txt,LIMPO
355,10243692000152,2018-08-06 00:00:00,0,SERASA-R2229972.txt,LIMPO
356,10298238000107,2019-10-07 00:00:00,0,SERASA-R1913495.txt,LIMPO
357,10314860000153,2019-07-25 00:00:00,0,SERASA-R1308332.txt,LIMPO
358,10334206000101,2019-06-17 00:00:00,1,SERASA-R12337401.txt,LIMPO
359,10374537000175,2019-04-11 00:00:00,1,SERASA-R12305181.txt,LIMPO
360,10423004000136,2019-01-16 00:00:00,1,SERASA-R12257771.txt,LIMPO
361,10428174000103,2019-03-11 00:00:00,1,SERASA-R12281941.txt,LIMPO
362,10438054000197,2019-05-17 00:00:00,1,SERASA-R1771132.txt,LIMPO
363,10554919000180,2018-02-27 00:00:00,1,SERASA-R1749706.txt,LIMPO
364,10556018000209,2018-04-16 00:00:00,1,SERASA-R1919883.txt,LIMPO
365,10556940000115,2019-07-24 00:00:00,1,SERASA-R12367851.txt,LIMPO
366,10590774000173,2019-07-24 00:00:00,1,SERASA-R1793534.txt,LIMPO
367,10619295000132,2017-08-24 00:00:00,0,SERASA-R1793604.txt,LIMPO
368,10624194000150,2019-03-21 00:00:00,0,SERASA-R12214412.txt,LIMPO
369,10693693000107,2018-07-20 00:00:00,1,SERASA-R1667603.txt,LIMPO
370,10766788000103,2019-06-06 00:00:00,1,SERASA-R12257682.txt,LIMPO
371,10778133000147,2019-04-05 00:00:00,1,SERASA-R12253363.txt,LIMPO
372,10779632000159,2018-04-11 00:00:00,0,SERASA-R1647672.txt,LIMPO
373,10781498000120,2019-10-02 00:00:00,1,SERASA-R12347653.txt,LIMPO
374,10800802000130,2018-03-28 00:00:00,1,SERASA-R843992.txt,LIMPO
375,10882878000151,2019-01-24 00:00:00,1,SERASA-R12263311.txt,LIMPO
376,10938117000174,2018-09-17 00:00:00,0,SERASA-R1682092.txt,LIMPO
377,10939960000175,2018-12-12 00:00:00,0,SERASA-R12237422.txt,LIMPO
378,10955794000109,2018-02-05 00:00:00,0,SERASA-R1010827.txt,LIMPO
379,10979752000108,2019-04-01 00:00:00,1,SERASA-R12297241.txt,LIMPO
380,10981598000109,2018-07-31 00:00:00,0,SERASA-R6966762.txt,LIMPO
381,11032345000143,2019-04-25 00:00:00,0,SERASA-R1573564.txt,LIMPO
382,11090009000157,2019-08-02 00:00:00,0,SERASA-R1737103.txt,LIMPO
383,11110960000120,2019-02-20 00:00:00,1,SERASA-R12272541.txt,LIMPO
384,11135121000167,2019-03-26 00:00:00,1,SERASA-R1799084.txt,LIMPO
385,11165831000130,2019-04-15 00:00:00,1,SERASA-R12255854.txt,LIMPO
386,11169963000130,2019-05-06 00:00:00,1,SERASA-R1208224.txt,LIMPO
387,11209849000196,2018-03-27 00:00:00,0,SERASA-R2021672.txt,LIMPO
388,11267022000139,2017-06-27 00:00:00,1,SERASA-R1170418.txt,LIMPO
389,11283620000100,2019-07-24 00:00:00,0,SERASA-R1740233.txt,LIMPO
390,11391271000131,2018-04-06 00:00:00,0,SERASA-R1998252.txt,LIMPO
391,11405383000102,2019-05-27 00:00:00,1,SERASA-R12328051.txt,LIMPO
392,11427238000114,2018-09-26 00:00:00,1,SERASA-R1681713.txt,LIMPO
393,11495016000139,2017-10-17 00:00:00,0,SERASA-R2167791.txt,LIMPO
394,11532304000116,2019-07-05 00:00:00,1,SERASA-R1418601.txt,LIMPO
395,11619817000169,2017-08-24 00:00:00,0,SERASA-R2115051.txt,LIMPO
396,11635696000149,2019-08-01 00:00:00,0,SERASA-R1942241.txt,LIMPO
397,11651057000177,2019-07-24 00:00:00,1,SERASA-R12367611.txt,LIMPO
398,11892859000179,2018-05-28 00:00:00,1,SERASA-R14661717.txt,LIMPO
399,11991736000195,2019-03-25 00:00:00,0,SERASA-R1467234.txt,LIMPO
400,12012667000193,2019-02-28 00:00:00,1,SERASA-R12277321.txt,LIMPO
401,12058523000178,2018-05-16 00:00:00,1,SERASA-R2304271.txt,LIMPO
402,12130463000157,2019-10-17 00:00:00,1,SERASA-R12371122.txt,LIMPO
403,12181973000153,2018-11-20 00:00:00,0,SERASA-R12233681.txt,LIMPO
404,12289084000104,2017-12-12 00:00:00,1,SERASA-R1638777.txt,LIMPO
405,12546470000134,2019-02-11 00:00:00,0,SERASA-R1731082.txt,LIMPO
406,12788472000130,2019-03-18 00:00:00,0,SERASA-R12284101.txt,LIMPO
407,12959355000191,2019-02-13 00:00:00,1,SERASA-R12226722.txt,LIMPO
408,13056177000313,2019-08-27 00:00:00,1,SERASA-R11743812.txt,LIMPO
409,13107569000100,2018-05-02 00:00:00,1,SERASA-R1676478.txt,LIMPO
410,13408823000100,2019-05-24 00:00:00,0,SERASA-R2282222.txt,LIMPO
411,13549636000139,2019-05-27 00:00:00,1,SERASA-R12198974.txt,LIMPO
412,13601614000170,2019-07-18 00:00:00,1,SERASA-R12283902.txt,LIMPO
413,13733693000173,2018-06-06 00:00:00,0,SERASA-R1765496.txt,LIMPO
414,13785854000172,2018-03-08 00:00:00,1,SERASA-R1061419.txt,LIMPO
415,13861424000192,2019-07-12 00:00:00,0,SERASA-R12361231.txt,LIMPO
416,13913242000118,2018-07-17 00:00:00,1,SERASA-R2282294.txt,LIMPO
417,13987350000135,2018-03-05 00:00:00,0,SERASA-R2249362.txt,LIMPO
418,14028218000169,2018-01-03 00:00:00,0,SERASA-R1219742.txt,LIMPO
419,14069148000197,2019-12-19 00:00:00,1,SERASA-R2284183.txt,LIMPO
420,14178395000121,2018-09-17 00:00:00,0,SERASA-R2294503.txt,LIMPO
421,14304911000117,2019-07-30 00:00:00,0,SERASA-R12371761.txt,LIMPO
422,14492491000140,2019-09-17 00:00:00,1,SERASA-R12403541.txt,LIMPO
423,14615031000161,2019-09-18 00:00:00,1,SERASA-R1153332.txt,LIMPO
424,14750098000109,2018-01-19 00:00:00,0,SERASA-R1150228.txt,LIMPO
425,14985672000108,2017-07-07 00:00:00,1,SERASA-R1938202.txt,LIMPO
426,15057926000190,2019-03-22 00:00:00,0,SERASA-R12286061.txt,LIMPO
427,15463200000158,2019-05-10 00:00:00,1,SERASA-R2134164.txt,LIMPO
428,15523239000113,2019-08-06 00:00:00,0,SERASA-R2108825.txt,LIMPO
429,15585840000130,2019-08-20 00:00:00,1,SERASA-R12323292.txt,LIMPO
430,15588112000182,2019-09-11 00:00:00,0,SERASA-R12356653.txt,LIMPO
431,15644488000167,2018-03-14 00:00:00,0,SERASA-R1792206.txt,LIMPO
432,16433946000181,2019-08-27 00:00:00,1,SERASA-R12299105.txt,LIMPO
433,16437064000194,2019-04-03 00:00:00,1,SERASA-R12299091.txt,LIMPO
434,16707463000128,2019-01-25 00:00:00,1,SERASA-R2228532.txt,LIMPO
435,16803266000102,2019-02-19 00:00:00,1,SERASA-R12272031.txt,LIMPO
436,16915998000194,2017-11-22 00:00:00,0,SERASA-R1677801.txt,LIMPO
437,16937668000108,2019-07-01 00:00:00,0,SERASA-R12343811.txt,LIMPO
438,17047353000140,2019-03-07 00:00:00,1,SERASA-R12279282.txt,LIMPO
439,17179941000137,2018-04-25 00:00:00,0,SERASA-R1916853.txt,LIMPO
440,17317880000127,2017-10-03 00:00:00,0,SERASA-R1266261.txt,LIMPO
441,17322957000157,2019-04-23 00:00:00,1,SERASA-R2270453.txt,LIMPO
442,17612442000191,2019-01-31 00:00:00,1,SERASA-R2036951.txt,LIMPO
443,17701407000149,2017-09-14 00:00:00,0,SERASA-R1816242.txt,LIMPO
444,17713089000136,2019-06-18 00:00:00,1,SERASA-R12306942.txt,LIMPO
445,17778031000170,2019-10-22 00:00:00,0,SERASA-R1445841.txt,LIMPO
446,17794841000110,2019-07-08 00:00:00,0,SERASA-R12353711.txt,LIMPO
447,17797304000124,2019-03-27 00:00:00,0,SERASA-R12180522.txt,LIMPO
448,17891394000118,2019-02-22 00:00:00,0,SERASA-R1938153.txt,LIMPO
449,17903338000156,2018-04-17 00:00:00,0,SERASA-R1597616.txt,LIMPO
450,18034057000177,2018-06-04 00:00:00,1,SERASA-R2082483.txt,LIMPO
451,18218110000190,2018-02-19 00:00:00,0,SERASA-R1336842.txt,LIMPO
452,18475469000142,2019-03-20 00:00:00,1,SERASA-R12284891.txt,LIMPO
453,19442650000115,2019-06-25 00:00:00,0,SERASA-R1697851.txt,LIMPO
454,19568004000107,2017-06-05 00:00:00,0,SERASA-R1854403.txt,LIMPO
455,19622616000122,2019-09-17 00:00:00,1,SERASA-R1922531.txt,LIMPO
456,20121981000132,2016-12-27 00:00:00,1,SERASA-R1922271.txt,LIMPO
457,20308036000144,2018-08-13 00:00:00,0,SERASA-R6971962.txt,LIMPO
458,20316164000130,2019-07-24 00:00:00,1,SERASA-R1961802.txt,LIMPO
459,21072618000137,2017-10-30 00:00:00,0,SERASA-R1660664.txt,LIMPO
460,21118268000100,2019-12-11 00:00:00,0,SERASA-R12424772.txt,LIMPO
461,21189130000194,2018-11-19 00:00:00,0,SERASA-R12186012.txt,LIMPO
462,21581339000107,2018-07-18 00:00:00,0,SERASA-R12159391.txt,LIMPO
463,22029488000112,2019-10-31 00:00:00,1,SERASA-R12278433.txt,LIMPO
464,22226515000147,2018-09-27 00:00:00,0,SERASA-R12177802.txt,LIMPO
465,22251725000195,2019-06-06 00:00:00,1,SERASA-R12332991.txt,LIMPO
466,23635798000143,2019-03-26 00:00:00,1,SERASA-R12186401.txt,LIMPO
467,24418900000111,2019-01-21 00:00:00,0,SERASA-R1849545.txt,LIMPO
468,24447368000160,2019-10-04 00:00:00,1,SERASA-R12424291.txt,LIMPO
469,25510746000176,2018-02-26 00:00:00,1,SERASA-R2255931.txt,LIMPO
470,27445313000100,2019-08-22 00:00:00,0,SERASA-R12387311.txt,LIMPO
471,27854414000134,2019-07-17 00:00:00,0,SERASA-R12363341.txt,LIMPO
472,32267504000169,2019-10-22 00:00:00,1,SERASA-R12436751.txt,LIMPO
473,43683069000170,2018-08-22 00:00:00,1,SERASA-R1514787.txt,LIMPO
474,58783333000114,2019-10-04 00:00:00,1,SERASA-R12213902.txt,LIMPO
475,61105060000163,2018-09-14 00:00:00,1,SERASA-R12844411.txt,LIMPO
476,62848577000105,2019-04-05 00:00:00,1,SERASA-R1687463.txt,LIMPO
477,68736073000180,2018-02-27 00:00:00,0,SERASA-R46783.txt,LIMPO
478,72170392000148,2019-01-28 00:00:00,0,SERASA-R1974303.txt,LIMPO
479,72195324000133,2019-04-05 00:00:00,1,SERASA-R1701066.txt,LIMPO
480,72344591000125,2018-08-20 00:00:00,0,SERASA-R1775403.txt,LIMPO
481,73282196000128,2019-04-12 00:00:00,0,SERASA-R1026162.txt,LIMPO
482,73289050000104,2019-03-20 00:00:00,1,SERASA-R1691526.txt,LIMPO
483,73305815000152,2016-03-14 00:00:00,1,SERASA-R1045002.txt,LIMPO
484,73307944000180,2019-10-04 00:00:00,1,SERASA-R12424491.txt,LIMPO
485,73367575000110,2017-03-22 00:00:00,0,SERASA-R620503.txt,LIMPO
486,73379356000151,2018-05-03 00:00:00,1,SERASA-R1095212.txt,LIMPO
487,73591588000179,2019-04-01 00:00:00,1,SERASA-R1459875.txt,LIMPO
488,73702771000102,2019-04-03 00:00:00,1,SERASA-R2058283.txt,LIMPO
489,74020041000186,2019-02-11 00:00:00,0,SERASA-R7531012.txt,LIMPO
490,74170812000111,2019-04-10 00:00:00,0,SERASA-R12256122.txt,LIMPO
491,74183500000142,2019-06-11 00:00:00,1,SERASA-R1722912.txt,LIMPO
492,75048611000109,2019-08-28 00:00:00,0,SERASA-R12290273.txt,LIMPO
493,75126979000148,2019-10-22 00:00:00,0,SERASA-R6970767.txt,LIMPO
494,75190983000175,2019-04-30 00:00:00,0,SERASA-R232692.txt,LIMPO
495,75277525000178,2018-09-17 00:00:00,0,SERASA-R2148602.txt,LIMPO
496,75290619000187,2019-02-19 00:00:00,0,SERASA-R1886594.txt,LIMPO
497,75304766000169,2018-09-28 00:00:00,0,SERASA-R1796833.txt,LIMPO
498,75344937000183,2019-02-11 00:00:00,1,SERASA-R1775716.txt,LIMPO
499,75370437000116,2019-04-25 00:00:00,1,SERASA-R10962912.txt,LIMPO
500,75394502000224,2019-04-26 00:00:00,0,SERASA-R2220181.txt,LIMPO
501,75409201000146,2018-05-10 00:00:00,1,SERASA-R2132083.txt,LIMPO
502,75552133000170,2019-07-24 00:00:00,1,SERASA-R1261509.txt,LIMPO
503,75797118000191,2019-07-19 00:00:00,1,SERASA-R907294.txt,LIMPO
504,75801936000110,2019-06-13 00:00:00,0,SERASA-R262124.txt,LIMPO
505,75843599000124,2018-09-14 00:00:00,0,SERASA-R2132502.txt,LIMPO
506,75853168000149,2018-08-06 00:00:00,1,SERASA-R542845.txt,LIMPO
507,75883975000104,2019-02-04 00:00:00,1,SERASA-R977944.txt,LIMPO
508,76096155000135,2019-05-06 00:00:00,0,SERASA-R12316841.txt,LIMPO
509,76329762000360,2019-11-01 00:00:00,0,SERASA-R294321.txt,LIMPO
510,76360874000111,2019-02-11 00:00:00,1,SERASA-R780405.txt,LIMPO
511,76380914000197,2019-07-08 00:00:00,1,SERASA-R10670814.txt,LIMPO
512,76488469000183,2013-08-06 00:00:00,1,SERASA-R1308932.txt,LIMPO
513,76489533000140,2019-05-06 00:00:00,0,SERASA-R6961252.txt,LIMPO
514,76492131000103,2019-07-12 00:00:00,1,SERASA-R12361461.txt,LIMPO
515,76524370000190,2019-03-21 00:00:00,0,SERASA-R1289733.txt,LIMPO
516,76541317000105,2017-05-02 00:00:00,1,SERASA-R2015031.txt,LIMPO
517,76547397000106,2019-03-13 00:00:00,1,SERASA-R287342.txt,LIMPO
518,76573427000140,2018-12-11 00:00:00,1,SERASA-R12246661.txt,LIMPO
519,76614254000161,2019-07-22 00:00:00,0,SERASA-R590122.txt,LIMPO
520,76642891000141,2019-06-10 00:00:00,1,SERASA-R1074142.txt,LIMPO
521,76657030000137,2019-05-06 00:00:00,0,SERASA-R810723.txt,LIMPO
522,76812379000104,2019-01-28 00:00:00,1,SERASA-R1324515.txt,LIMPO
523,76827344000130,2018-11-19 00:00:00,1,SERASA-R10885852.txt,LIMPO
524,76840537000121,2019-10-01 00:00:00,1,SERASA-R903155.txt,LIMPO
525,76865377000175,2018-08-06 00:00:00,0,SERASA-R1705323.txt,LIMPO
526,76904192000122,2019-05-06 00:00:00,1,SERASA-R437431.txt,LIMPO
527,77753804000196,2019-06-28 00:00:00,1,SERASA-R12159062.txt,LIMPO
528,77948750000114,2019-04-03 00:00:00,1,SERASA-R1598543.txt,LIMPO
529,77965077000120,2019-03-21 00:00:00,0,SERASA-R5051610.txt,LIMPO
530,78002037000146,2019-04-18 00:00:00,1,SERASA-R1781133.txt,LIMPO
531,78216298000169,2019-01-15 00:00:00,1,SERASA-R11831821.txt,LIMPO
532,78262169000107,2019-09-17 00:00:00,1,SERASA-R12403241.txt,LIMPO
533,78611928000108,2019-02-19 00:00:00,1,SERASA-R457022.txt,LIMPO
534,78627148000148,2019-07-24 00:00:00,1,SERASA-R1064384.txt,LIMPO
535,78644424000186,2018-12-17 00:00:00,0,SERASA-R380468.txt,LIMPO
536,78839776000197,2019-07-08 00:00:00,1,SERASA-R12211762.txt,LIMPO
537,78855186000158,2017-03-21 00:00:00,0,SERASA-R1976591.txt,LIMPO
538,78855830000198,2019-01-23 00:00:00,0,SERASA-R1248826.txt,LIMPO
539,79014809000122,2019-04-01 00:00:00,1,SERASA-R1859955.txt,LIMPO
540,79022877000133,2019-04-15 00:00:00,1,SERASA-R12307351.txt,LIMPO
541,79024501000168,2019-04-10 00:00:00,0,SERASA-R12303891.txt,LIMPO
542,79120739000197,2019-09-27 00:00:00,0,SERASA-R1787514.txt,LIMPO
543,79142139000120,2019-08-16 00:00:00,0,SERASA-R414022.txt,LIMPO
544,79233672000105,2019-06-06 00:00:00,1,SERASA-R14908910.txt,LIMPO
545,79286480000159,2019-10-28 00:00:00,1,SERASA-R12441681.txt,LIMPO
546,79302519000184,2019-11-19 00:00:00,1,SERASA-R1573499.txt,LIMPO
547,79386132000153,2018-01-19 00:00:00,1,SERASA-R1425824.txt,LIMPO
548,79416459000120,2019-03-20 00:00:00,1,SERASA-R12193312.txt,LIMPO
549,79427589000169,2019-10-29 00:00:00,0,SERASA-R5047122.txt,LIMPO
550,79502563000138,2018-07-24 00:00:00,0,SERASA-R132673.txt,LIMPO
551,79525242000159,2019-07-24 00:00:00,1,SERASA-R1620293.txt,LIMPO
552,79530408000125,2017-10-09 00:00:00,0,SERASA-R1922063.txt,LIMPO
553,79653119000113,2019-02-22 00:00:00,0,SERASA-R8152746.txt,LIMPO
554,79658134000154,2019-06-24 00:00:00,0,SERASA-R1503984.txt,LIMPO
555,79674297000120,2019-03-21 00:00:00,1,SERASA-R1453806.txt,LIMPO
556,79683330000189,2019-04-12 00:00:00,1,SERASA-R1790455.txt,LIMPO
557,79683496000103,2019-10-04 00:00:00,1,SERASA-R858372.txt,LIMPO
558,79691556000121,2019-05-07 00:00:00,1,SERASA-R12318081.txt,LIMPO
559,79843264000167,2019-04-05 00:00:00,1,SERASA-R1794794.txt,LIMPO
560,79846465000118,2019-05-06 00:00:00,1,SERASA-R2680911.txt,LIMPO
561,79888749000177,2019-02-04 00:00:00,1,SERASA-R1672665.txt,LIMPO
562,79902185000180,2019-07-23 00:00:00,0,SERASA-R12367031.txt,LIMPO
563,79902888000108,2019-03-08 00:00:00,1,SERASA-R469462.txt,LIMPO
564,79905436000180,2019-03-21 00:00:00,0,SERASA-R1780066.txt,LIMPO
565,79906426000169,2019-06-03 00:00:00,1,SERASA-R51672.txt,LIMPO
566,79909982000199,2015-03-23 00:00:00,1,SERASA-R1567911.txt,LIMPO
567,79922639000184,2019-01-15 00:00:00,1,SERASA-R12257631.txt,LIMPO
568,79925442000107,2019-02-11 00:00:00,0,SERASA-R1654723.txt,LIMPO
569,79941506000155,2019-02-11 00:00:00,1,SERASA-R1947072.txt,LIMPO
570,79941894000174,2019-09-10 00:00:00,1,SERASA-R1892311.txt,LIMPO
571,79949202000134,2019-04-08 00:00:00,0,SERASA-R19972110.txt,LIMPO
572,80096050000153,2019-08-20 00:00:00,1,SERASA-R1364732.txt,LIMPO
573,80218514000157,2019-09-23 00:00:00,1,SERASA-R12235981.txt,LIMPO
574,80228190000138,2019-03-25 00:00:00,0,SERASA-R2162703.txt,LIMPO
575,80319064000199,2019-07-04 00:00:00,0,SERASA-R6954332.txt,LIMPO
576,80382054000106,2019-03-01 00:00:00,1,SERASA-R536201.txt,LIMPO
577,80391956000109,2019-04-26 00:00:00,0,SERASA-R12312821.txt,LIMPO
578,80416225000162,2018-09-21 00:00:00,0,SERASA-R1297275.txt,LIMPO
579,80438542000180,2017-06-23 00:00:00,0,SERASA-R2054751.txt,LIMPO
580,80446990000125,2019-05-16 00:00:00,1,SERASA-R11668816.txt,LIMPO
581,80448574000166,2018-01-15 00:00:00,1,SERASA-R1913477.txt,LIMPO
582,80456817000108,2017-04-24 00:00:00,1,SERASA-R1669284.txt,LIMPO
583,80469166000190,2019-07-24 00:00:00,0,SERASA-R1460687.txt,LIMPO
584,80481146000135,2018-03-26 00:00:00,0,SERASA-R12168910.txt,LIMPO
585,80550452000186,2019-09-24 00:00:00,0,SERASA-R505443.txt,LIMPO
586,80646755000105,2019-05-17 00:00:00,1,SERASA-R1557006.txt,LIMPO
587,80662315000133,2019-06-12 00:00:00,0,SERASA-R241766.txt,LIMPO
588,80696560000161,2018-01-02 00:00:00,1,SERASA-R934962.txt,LIMPO
589,80700024000192,2019-10-21 00:00:00,1,SERASA-R711483.txt,LIMPO
590,80705700000110,2019-01-28 00:00:00,1,SERASA-R2059202.txt,LIMPO
591,80742109000133,2017-08-03 00:00:00,0,SERASA-R1958383.txt,LIMPO
592,80933039000109,2019-03-26 00:00:00,0,SERASA-R2010723.txt,LIMPO
593,80940745000170,2018-09-13 00:00:00,1,SERASA-R1924084.txt,LIMPO
594,80976053000181,2019-04-09 00:00:00,0,SERASA-R457533.txt,LIMPO
595,80976483000101,2019-08-20 00:00:00,0,SERASA-R1490465.txt,LIMPO
596,81000580000119,2019-06-26 00:00:00,0,SERASA-R1871543.txt,LIMPO
597,81019895000108,2017-04-13 00:00:00,0,SERASA-R1519305.txt,LIMPO
598,81026890000102,2019-07-12 00:00:00,0,SERASA-R12360491.txt,LIMPO
599,81114803000179,2019-04-08 00:00:00,0,SERASA-R6966072.txt,LIMPO
600,81315426001450,2017-08-17 00:00:00,1,SERASA-R1915641.txt,LIMPO
601,81336398000133,2019-05-16 00:00:00,1,SERASA-R1815734.txt,LIMPO
602,81343907000155,2019-03-25 00:00:00,0,SERASA-R1340353.txt,LIMPO
603,81364879000152,2019-03-21 00:00:00,1,SERASA-R1466193.txt,LIMPO
604,81365223000154,2019-04-01 00:00:00,1,SERASA-R12195082.txt,LIMPO
605,81374332000138,2019-10-11 00:00:00,1,SERASA-R1473888.txt,LIMPO
606,81585671000163,2019-06-10 00:00:00,1,SERASA-R1700335.txt,LIMPO
607,81588071000159,2019-04-09 00:00:00,1,SERASA-R1650264.txt,LIMPO
608,81589327000142,2019-03-22 00:00:00,1,SERASA-R1687472.txt,LIMPO
609,81599359000129,2019-03-18 00:00:00,1,SERASA-R1634610.txt,LIMPO
610,81613358000191,2019-05-16 00:00:00,1,SERASA-R1650682.txt,LIMPO
611,81798548000120,2019-03-15 00:00:00,1,SERASA-R2087823.txt,LIMPO
612,81834665000100,2019-09-30 00:00:00,0,SERASA-R2047354.txt,LIMPO
613,81864563000120,2018-06-06 00:00:00,1,SERASA-R1638604.txt,LIMPO
614,81872236000110,2018-09-25 00:00:00,0,SERASA-R1761473.txt,LIMPO
615,82056185000110,2018-05-25 00:00:00,1,SERASA-R1253376.txt,LIMPO
616,82099029000137,2018-01-03 00:00:00,1,SERASA-R55975.txt,LIMPO
617,82103631000109,2019-03-18 00:00:00,1,SERASA-R12284051.txt,LIMPO
618,82120460000118,2019-02-04 00:00:00,1,SERASA-R1983193.txt,LIMPO
619,82134073000130,2018-08-31 00:00:00,1,SERASA-R1041515.txt,LIMPO
620,82183716000136,2019-02-11 00:00:00,1,SERASA-R9072415.txt,LIMPO
621,82637422000137,2019-01-23 00:00:00,1,SERASA-R12261141.txt,LIMPO
622,82640558000104,2019-01-23 00:00:00,1,SERASA-R14102611.txt,LIMPO
623,82641325000118,2017-08-07 00:00:00,0,SERASA-R1191816.txt,LIMPO
624,82641986000143,2019-03-28 00:00:00,1,SERASA-R1208516.txt,LIMPO
625,82643255000137,2019-05-13 00:00:00,1,SERASA-R2232343.txt,LIMPO
626,82645862000136,2019-07-24 00:00:00,1,SERASA-R231298.txt,LIMPO
627,82645938000123,2019-02-08 00:00:00,1,SERASA-R1524474.txt,LIMPO
628,82662263000120,2019-02-06 00:00:00,1,SERASA-R1228185.txt,LIMPO
629,82663337000143,2019-01-25 00:00:00,0,SERASA-R1308325.txt,LIMPO
630,82698085000198,2018-11-29 00:00:00,1,SERASA-R1783383.txt,LIMPO
631,82700808000146,2019-05-16 00:00:00,1,SERASA-R12322271.txt,LIMPO
632,82753674000121,2018-01-11 00:00:00,0,SERASA-R2229951.txt,LIMPO
633,82901000000127,2019-03-29 00:00:00,1,SERASA-R1428155.txt,LIMPO
634,82951435000186,2018-01-08 00:00:00,1,SERASA-R2057903.txt,LIMPO
635,82956889000140,2019-04-15 00:00:00,1,SERASA-R1195706.txt,LIMPO
636,82981721000194,2019-05-16 00:00:00,1,SERASA-R1208106.txt,LIMPO
637,82982307000108,2019-03-21 00:00:00,1,SERASA-R1137692.txt,LIMPO
638,82983404000107,2019-04-24 00:00:00,1,SERASA-R153633.txt,LIMPO
639,83017061000199,2017-09-13 00:00:00,0,SERASA-R2132461.txt,LIMPO
640,83017350000198,2019-03-08 00:00:00,1,SERASA-R610764.txt,LIMPO
641,83030817000130,2019-05-16 00:00:00,1,SERASA-R12263841.txt,LIMPO
642,83032359000178,2019-05-17 00:00:00,1,SERASA-R1307025.txt,LIMPO
643,83038547000103,2019-05-17 00:00:00,0,SERASA-R1762454.txt,LIMPO
644,83055632000180,2019-01-15 00:00:00,0,SERASA-R1528729.txt,LIMPO
645,83057968000181,2018-04-26 00:00:00,1,SERASA-R1544545.txt,LIMPO
646,83092502000117,2019-07-24 00:00:00,1,SERASA-R1358833.txt,LIMPO
647,83093021000126,2019-04-01 00:00:00,1,SERASA-R14661310.txt,LIMPO
648,83109504000171,2019-03-22 00:00:00,1,SERASA-R8689012.txt,LIMPO
649,83109579000152,2018-08-13 00:00:00,1,SERASA-R1002173.txt,LIMPO
650,83162164000142,2018-01-16 00:00:00,0,SERASA-R1907154.txt,LIMPO
651,83182485000109,2019-02-11 00:00:00,0,SERASA-R1138458.txt,LIMPO
652,83188110000156,2019-08-20 00:00:00,1,SERASA-R606314.txt,LIMPO
653,83193797000118,2019-07-24 00:00:00,0,SERASA-R1813972.txt,LIMPO
654,83200105000111,2019-04-15 00:00:00,1,SERASA-R1241551.txt,LIMPO
655,83201111000193,2019-03-28 00:00:00,1,SERASA-R1216869.txt,LIMPO
656,83238832000178,2019-08-20 00:00:00,1,SERASA-R438032.txt,LIMPO
657,83240028000123,2019-02-28 00:00:00,1,SERASA-R721738.txt,LIMPO
658,83284158000168,2019-04-15 00:00:00,1,SERASA-R12307121.txt,LIMPO
659,83310441000389,2018-05-15 00:00:00,0,SERASA-R8084510.txt,LIMPO
660,83418434000133,2019-06-07 00:00:00,0,SERASA-R1503436.txt,LIMPO
661,83445288000135,2019-02-04 00:00:00,1,SERASA-R1154964.txt,LIMPO
662,83519272000120,2019-06-21 00:00:00,0,SERASA-R294631.txt,LIMPO
663,83538215000198,2019-05-17 00:00:00,0,SERASA-R1209126.txt,LIMPO
664,83560763000114,2019-10-23 00:00:00,1,SERASA-R19676.txt,LIMPO
665,83602896000106,2019-01-15 00:00:00,0,SERASA-R11376811.txt,LIMPO
666,83684670000100,2019-04-08 00:00:00,1,SERASA-R1322803.txt,LIMPO
667,83779942000147,2018-01-11 00:00:00,0,SERASA-R2230101.txt,LIMPO
668,83846600000100,2019-10-04 00:00:00,1,SERASA-R12422641.txt,LIMPO
669,83872549000101,2019-04-05 00:00:00,0,SERASA-R1922053.txt,LIMPO
670,83875120000160,2019-04-24 00:00:00,1,SERASA-R1924033.txt,LIMPO
671,83892182000180,2019-03-06 00:00:00,1,SERASA-R12280071.txt,LIMPO
672,83938985000128,2019-02-11 00:00:00,1,SERASA-R1669215.txt,LIMPO
673,84228261000153,2019-05-24 00:00:00,1,SERASA-R1457915.txt,LIMPO
674,84229889000173,2019-05-16 00:00:00,1,SERASA-R11306010.txt,LIMPO
675,84292259000143,2019-02-19 00:00:00,1,SERASA-R12272021.txt,LIMPO
676,84298900000157,2019-07-01 00:00:00,0,SERASA-R188991.txt,LIMPO
677,84429737000114,2019-07-24 00:00:00,0,SERASA-R3948314.txt,LIMPO
678,84429869000308,2019-05-21 00:00:00,1,SERASA-R1651666.txt,LIMPO
679,84430149000109,2019-09-05 00:00:00,1,SERASA-R1972719.txt,LIMPO
680,84431154000128,2018-07-25 00:00:00,1,SERASA-R427474.txt,LIMPO
681,84431352000191,2019-05-31 00:00:00,0,SERASA-R1978864.txt,LIMPO
682,84432111000167,2019-05-06 00:00:00,1,SERASA-R1435924.txt,LIMPO
683,84432434000150,2019-05-17 00:00:00,1,SERASA-R1271807.txt,LIMPO
684,84583616001102,2018-07-18 00:00:00,1,SERASA-R12159651.txt,LIMPO
685,84683408000103,2019-06-18 00:00:00,1,SERASA-R6704122.txt,LIMPO
686,84683515000123,2019-09-10 00:00:00,1,SERASA-R1786654.txt,LIMPO
687,84683671000194,2019-05-15 00:00:00,1,SERASA-R1725662.txt,LIMPO
688,84683887000150,2019-04-09 00:00:00,1,SERASA-R7498410.txt,LIMPO
689,84685056000117,2019-06-06 00:00:00,1,SERASA-R2059222.txt,LIMPO
690,84692268000121,2019-01-28 00:00:00,1,SERASA-R1793572.txt,LIMPO
691,84907781000192,2016-09-28 00:00:00,0,SERASA-R1066191.txt,LIMPO
692,85053296000161,2019-05-06 00:00:00,1,SERASA-R12316941.txt,LIMPO
693,85099034000138,2019-04-28 00:00:00,1,SERASA-R1913704.txt,LIMPO
694,85121820000194,2019-06-17 00:00:00,1,SERASA-R566524.txt,LIMPO
695,85128981000100,2018-07-24 00:00:00,0,SERASA-R12162081.txt,LIMPO
696,85129518000182,2018-02-20 00:00:00,1,SERASA-R1923162.txt,LIMPO
697,85134096000133,2018-06-11 00:00:00,1,SERASA-R2251402.txt,LIMPO
698,85147627000122,2018-01-11 00:00:00,1,SERASA-R12448110.txt,LIMPO
699,85150613000168,2018-01-08 00:00:00,1,SERASA-R1958482.txt,LIMPO
700,85203602000107,2017-05-15 00:00:00,0,SERASA-R1957082.txt,LIMPO
701,85210532000106,2017-07-11 00:00:00,1,SERASA-R2077311.txt,LIMPO
702,85215051000193,2019-07-08 00:00:00,1,SERASA-R1206571.txt,LIMPO
703,85221083000100,2019-09-10 00:00:00,0,SERASA-R1767933.txt,LIMPO
704,85236743000118,2019-05-17 00:00:00,1,SERASA-R1870862.txt,LIMPO
705,85244952000103,2017-07-17 00:00:00,0,SERASA-R1639283.txt,LIMPO
706,85324846000130,2019-06-06 00:00:00,1,SERASA-R12332961.txt,LIMPO
707,85342780000100,2016-08-05 00:00:00,1,SERASA-R1807851.txt,LIMPO
708,85356574000150,2019-03-27 00:00:00,0,SERASA-R1457714.txt,LIMPO
709,85370559000166,2019-03-22 00:00:00,1,SERASA-R12286021.txt,LIMPO
710,85373793000147,2019-02-21 00:00:00,0,SERASA-R507633.txt,LIMPO
711,85498269000100,2018-12-03 00:00:00,0,SERASA-R2275996.txt,LIMPO
712,85720290000109,2019-10-14 00:00:00,1,SERASA-R2075154.txt,LIMPO
713,85778074000106,2018-09-13 00:00:00,1,SERASA-R1413878.txt,LIMPO
714,85782878000189,2019-03-25 00:00:00,1,SERASA-R2522410.txt,LIMPO
715,85907210000110,2018-09-13 00:00:00,1,SERASA-R1805312.txt,LIMPO
716,86046463000100,2019-03-26 00:00:00,1,SERASA-R967279.txt,LIMPO
717,86046562000191,2018-09-21 00:00:00,1,SERASA-R297133.txt,LIMPO
718,86046612000130,2018-09-21 00:00:00,0,SERASA-R1774503.txt,LIMPO
719,86046810000102,2018-04-05 00:00:00,1,SERASA-R2030312.txt,LIMPO
720,86047362000153,2019-06-17 00:00:00,1,SERASA-R451392.txt,LIMPO
721,86365350000177,2019-07-08 00:00:00,1,SERASA-R1049206.txt,LIMPO
722,86375425000109,2019-03-26 00:00:00,1,SERASA-R1639005.txt,LIMPO
723,86375656000104,2018-09-14 00:00:00,0,SERASA-R1921564.txt,LIMPO
724,86375789000180,2017-07-31 00:00:00,1,SERASA-R1573484.txt,LIMPO
725,86376217000116,2018-04-30 00:00:00,1,SERASA-R1859945.txt,LIMPO
726,86403128000111,2018-05-21 00:00:00,0,SERASA-R1533278.txt,LIMPO
727,86530318000108,2017-05-09 00:00:00,1,SERASA-R1151721.txt,LIMPO
728,86713336000117,2019-07-30 00:00:00,1,SERASA-R1777132.txt,LIMPO
729,86837366000135,2019-04-30 00:00:00,1,SERASA-R1010342.txt,LIMPO
730,86967163000163,2018-01-29 00:00:00,1,SERASA-R570447.txt,LIMPO
731,86967270000191,2018-04-03 00:00:00,1,SERASA-R890742.txt,LIMPO
732,87102810000137,2017-07-13 00:00:00,0,SERASA-R1272502.txt,LIMPO
733,87175824000180,2017-08-15 00:00:00,0,SERASA-R155488.txt,LIMPO
734,87366746000100,2017-04-17 00:00:00,1,SERASA-R925111.txt,LIMPO
735,87455432000175,2017-08-11 00:00:00,0,SERASA-R159335.txt,LIMPO
736,87518510000133,2017-05-24 00:00:00,0,SERASA-R1190253.txt,LIMPO
737,87843660000112,2018-02-06 00:00:00,1,SERASA-R1057456.txt,LIMPO
738,88176995000197,2018-02-22 00:00:00,0,SERASA-R468784.txt,LIMPO
739,88268545000124,2018-07-12 00:00:00,1,SERASA-R1392776.txt,LIMPO
740,88270343000117,2017-05-18 00:00:00,1,SERASA-R89315.txt,LIMPO
741,88303375000171,2018-12-27 00:00:00,0,SERASA-R422814.txt,LIMPO
742,88305719000181,2018-01-02 00:00:00,0,SERASA-R563226.txt,LIMPO
743,88332580000165,2017-09-05 00:00:00,0,SERASA-R632271.txt,LIMPO
744,88371075000120,2018-03-23 00:00:00,0,SERASA-R1004695.txt,LIMPO
745,88610191000154,2018-04-24 00:00:00,1,SERASA-R1282737.txt,LIMPO
746,88613856000183,2018-03-05 00:00:00,0,SERASA-R389688.txt,LIMPO
747,88614078000147,2017-10-30 00:00:00,0,SERASA-R59777.txt,LIMPO
748,88644091000149,2019-04-10 00:00:00,1,SERASA-R9388212.txt,LIMPO
749,88665005000184,2019-05-07 00:00:00,0,SERASA-R436837.txt,LIMPO
750,88874011000141,2017-04-03 00:00:00,1,SERASA-R147961.txt,LIMPO
751,88887195000184,2018-04-30 00:00:00,1,SERASA-R1681223.txt,LIMPO
752,89085310000160,2018-04-03 00:00:00,0,SERASA-R2196592.txt,LIMPO
753,89432702000158,2018-10-31 00:00:00,0,SERASA-R685876.txt,LIMPO
754,89568224000108,2019-05-06 00:00:00,0,SERASA-R741016.txt,LIMPO
755,89576573000171,2017-06-19 00:00:00,1,SERASA-R292686.txt,LIMPO
756,89615116000149,2017-08-17 00:00:00,0,SERASA-R914138.txt,LIMPO
757,89735070000100,2018-09-05 00:00:00,0,SERASA-R258805.txt,LIMPO
758,89790356000180,2017-03-08 00:00:00,1,SERASA-R436665.txt,LIMPO
759,89938500000182,2019-02-11 00:00:00,1,SERASA-R1484217.txt,LIMPO
760,90148016000139,2018-05-07 00:00:00,0,SERASA-R70709.txt,LIMPO
761,90336215000170,2017-06-20 00:00:00,1,SERASA-R10674715.txt,LIMPO
762,90455866000180,2018-08-13 00:00:00,0,SERASA-R265713.txt,LIMPO
763,90463704000193,2018-11-19 00:00:00,0,SERASA-R51684.txt,LIMPO
764,90547274000198,2017-01-24 00:00:00,1,SERASA-R939607.txt,LIMPO
765,90712449000175,2017-06-07 00:00:00,1,SERASA-R952613.txt,LIMPO
766,90726506000175,2018-03-15 00:00:00,1,SERASA-R159853.txt,LIMPO
767,91013698000135,2017-12-27 00:00:00,0,SERASA-R344929.txt,LIMPO
768,91044354000193,2018-07-25 00:00:00,1,SERASA-R2077079.txt,LIMPO
769,91120907000140,2018-07-02 00:00:00,1,SERASA-R362382.txt,LIMPO
770,91192294000156,2019-08-01 00:00:00,0,SERASA-R450799.txt,LIMPO
771,91271718000178,2019-04-30 00:00:00,1,SERASA-R4179418.txt,LIMPO
772,91672105000142,2017-06-28 00:00:00,1,SERASA-R4362912.txt,LIMPO
773,91675868000147,2019-03-14 00:00:00,1,SERASA-R311316.txt,LIMPO
774,91733105000105,2019-02-13 00:00:00,0,SERASA-R540374.txt,LIMPO
775,91772301000199,2018-11-14 00:00:00,0,SERASA-R859533.txt,LIMPO
776,91938712000101,2019-03-08 00:00:00,1,SERASA-R2942310.txt,LIMPO
777,91956755000110,2017-10-24 00:00:00,1,SERASA-R1022505.txt,LIMPO
778,92195692000199,2018-02-08 00:00:00,1,SERASA-R8394011.txt,LIMPO
779,92639954000167,2019-04-11 00:00:00,1,SERASA-R648387.txt,LIMPO
780,92693928000117,2019-02-04 00:00:00,0,SERASA-R3479112.txt,LIMPO
781,92726785000100,2017-08-17 00:00:00,1,SERASA-R573322.txt,LIMPO
782,92804541000514,2017-06-29 00:00:00,1,SERASA-R1045013.txt,LIMPO
783,93002913000128,2018-12-06 00:00:00,0,SERASA-R237006.txt,LIMPO
784,93085330000108,2018-03-28 00:00:00,1,SERASA-R1929223.txt,LIMPO
785,93731602000108,2018-04-18 00:00:00,1,SERASA-R284854.txt,LIMPO
786,94132826000158,2017-11-14 00:00:00,0,SERASA-R1752461.txt,LIMPO
787,94305091000117,2018-03-02 00:00:00,0,SERASA-R1095364.txt,LIMPO
788,94316999000126,2017-06-01 00:00:00,1,SERASA-R88594.txt,LIMPO
789,94495637000140,2018-06-18 00:00:00,1,SERASA-R13965613.txt,LIMPO
790,94576196000100,2018-07-30 00:00:00,1,SERASA-R6957362.txt,LIMPO
791,94576196000291,2019-02-20 00:00:00,1,SERASA-R12273471.txt,LIMPO
792,94623907000150,2018-10-09 00:00:00,0,SERASA-R2114042.txt,LIMPO
793,94750981000138,2017-11-29 00:00:00,0,SERASA-R1309445.txt,LIMPO
794,94854908000106,2016-10-18 00:00:00,0,SERASA-R569595.txt,LIMPO
795,95313771000145,2019-02-19 00:00:00,1,SERASA-R1641154.txt,LIMPO
796,95767943000150,2019-06-17 00:00:00,1,SERASA-R781982.txt,LIMPO
797,95801692000183,2018-06-14 00:00:00,0,SERASA-R1211796.txt,LIMPO
798,95803375000104,2019-05-27 00:00:00,0,SERASA-R2010733.txt,LIMPO
799,95806675000139,2019-01-23 00:00:00,1,SERASA-R12261131.txt,LIMPO
800,95813382000189,2018-03-27 00:00:00,1,SERASA-R1794913.txt,LIMPO
801,95816963000174,2018-09-06 00:00:00,0,SERASA-R1059037.txt,LIMPO
802,95858452000115,2018-10-29 00:00:00,0,SERASA-R12221431.txt,LIMPO
803,96551445000139,2018-05-29 00:00:00,0,SERASA-R94255.txt,LIMPO
